Maven,RubyGems
145,39
180,26
91,34
84,158
128,158
147,158
99,158
75,158
32,25
53,16
30,14
194,40
123,13
85,10
85,20
134,15
134,20
18,27
35,17
79,16
14,28
26,34
198,20
91,10
40,14
51,12
107,24
49,14
62,43
10,43
46,43
35,26
6,10
66,8
66,6
66,8
6,9
8,22
8,10
48,10
8,5
56,5
19,10
20,14
15,10
15,11
97,12
74,12
14,16
12,73
106,14
106,33
35,19
24,104
104,16
20,14
48,18
59,3
96,24
66,2
3,2
20,2
4,2
4,2
2,2
2,2
2,2
2,2
2,2
2,2
2,2
2,2
2,2
2,2
2,2
21,2
21,2
34,2
26,2
4,2
4,2
4,2
4,2
4,2
4,2
4,2
4,2
4,2
4,2
4,23
4,26
4,4
4,4
4,4
4,4
4,4
4,4
60,4
51,4
5,4
5,4
10,4
23,4
8,4
6,4
6,69
6,4
6,4
6,4
10,4
8,4
8,32
5,34
5,43
12,40
7,46
13,8
4,6
8,6
8,6
26,7
10,7
12,7
25,8
10,13
10,13
20,8
20,12
20,2
14,2
16,8
23,8
18,8
4,9
23,14
22,10
39,10
27,14
39,14
28,10
30,10
34,10
49,8
34,22
10,6
10,16
10,14
71,14
66,15
101,8
14,14
9,16
9,19
9,20
9,99
9,21
9,30
9,47
9,38
11,41
11,47
11,11
11,11
11,11
11,11
11,11
11,11
11,11
11,11
25,11
6,11
21,21
21,65
21,7
21,7
7,7
21,7
21,7
28,7
21,13
21,21
21,13
21,13
21,25
21,13
21,21
21,13
21,13
21,13
21,13
21,13
21,25
7,25
7,25
7,25
7,25
7,25
7,25
7,25
7,25
7,13
7,21
7,25
21,25
90,25
90,25
90,25
90,21
90,21
90,21
90,13
90,13
90,21
90,13
90,13
90,13
90,21
90,25
90,13
90,21
90,21
90,21
90,21
90,21
90,21
90,21
90,21
90,21
90,13
90,25
90,25
90,25
90,25
90,25
90,13
90,13
90,13
90,13
90,13
90,21
90,21
90,21
90,25
90,25
90,25
90,13
90,13
90,13
90,11
90,13
90,13
90,8
90,6
90,17
90,13
90,9
90,5
90,13
90,6
90,6
90,9
90,8
90,8
90,5
90,13
90,9
90,17
90,17
90,11
90,11
90,5
90,17
90,17
90,17
90,6
90,6
90,6
90,17
90,11
90,6
90,5
90,17
90,17
90,17
90,17
90,9
90,5
90,5
19,5
19,17
19,17
19,17
19,13
19,6
19,6
19,6
19,6
19,9
19,5
19,6
19,8
19,8
19,8
19,17
19,11
90,9
40,5
40,5
40,9
40,13
40,6
40,9
40,9
40,9
40,9
40,11
40,11
40,17
40,5
40,13
40,13
40,9
40,9
40,11
40,17
40,9
40,9
40,9
40,9
40,5
40,8
40,8
40,13
40,5
40,6
40,6
40,5
40,13
40,6
40,13
40,9
40,6
40,11
40,11
40,6
31,11
31,5
31,9
31,9
31,9
31,28
31,28
31,19
31,9
31,7
31,28
31,9
31,9
31,98
31,9
31,28
31,23
31,98
31,7
31,7
31,20
31,20
31,20
31,28
31,98
31,9
31,28
31,7
31,7
9,11
9,11
9,23
9,11
9,7
9,7
9,7
9,7
48,19
48,98
67,23
6,7
48,7
48,7
48,15
67,9
48,9
48,9
48,9
48,9
48,7
48,11
48,98
48,98
48,9
48,11
48,15
48,19
48,7
48,20
48,9
67,19
67,7
67,17
48,9
48,23
48,28
48,19
48,9
67,9
67,23
67,11
67,28
67,19
67,19
67,28
67,28
67,9
67,9
67,28
67,28
67,6
67,98
67,7
67,9
67,9
67,17
67,9
67,28
67,28
67,11
67,98
67,15
67,98
67,9
67,9
67,98
67,11
67,7
67,11
67,11
67,23
67,11
67,9
67,7
67,7
67,98
67,19
67,23
67,8
67,9
67,28
48,98
48,7
67,7
67,7
67,7
67,17
48,19
67,17
67,19
67,7
67,19
67,19
67,98
67,9
48,98
67,98
67,98
67,98
48,23
48,7
48,20
48,17
48,20
48,17
48,7
48,11
48,9
48,98
48,98
48,98
48,98
48,98
48,98
67,98
3,98
3,23
67,20
67,9
48,7
11,11
11,20
11,7
17,19
11,15
11,17
11,11
11,11
11,17
11,7
11,98
11,98
11,20
17,17
17,98
17,98
11,98
11,98
11,15
11,98
11,98
11,9
11,9
11,23
11,23
9,28
9,98
9,98
9,9
11,23
17,7
9,7
9,28
9,7
9,7
9,98
17,98
17,98
17,98
17,23
17,19
17,7
17,23
17,28
17,98
17,7
17,7
23,23
23,8
23,23
23,23
23,98
23,98
23,98
23,98
23,9
23,15
23,15
23,15
23,15
23,23
23,15
23,15
23,7
23,17
23,98
23,98
23,98
23,98
17,8
19,19
5,19
5,19
5,17
5,17
5,98
17,98
14,28
5,98
5,11
5,98
5,15
5,7
19,7
19,7
19,9
19,9
19,98
19,98
19,98
19,98
19,98
19,98
19,98
19,98
7,17
7,9
7,9
7,19
7,20
7,7
19,9
4,15
4,98
4,7
4,9
14,9
5,9
5,7
5,28
5,11
5,98
4,28
4,15
4,9
4,9
15,98
7,98
7,98
7,98
7,17
15,98
15,20
7,20
7,20
15,20
15,20
15,20
15,20
15,20
15,28
15,19
15,98
15,98
15,98
15,98
15,98
7,98
7,98
19,98
19,98
5,98
5,98
5,28
5,28
5,7
14,7
14,23
14,23
14,98
14,28
14,28
14,23
14,17
14,98
14,9
14,7
14,7
19,20
17,23
17,8
17,28
17,7
17,7
17,8
17,8
17,8
17,7
17,28
17,11
17,11
17,98
17,23
17,7
17,98
5,98
5,98
5,11
5,98
5,11
6,7
6,17
6,98
6,98
6,98
6,98
19,8
19,98
30,98
54,98
54,7
54,7
9,7
54,7
30,17
54,29
9,29
54,29
9,29
9,13
54,29
54,3
54,29
54,3
9,29
54,29
54,14
54,29
54,29
54,29
54,29
54,29
54,9
54,29
54,29
54,29
54,29
54,14
54,29
54,29
54,29
54,3
54,14
54,29
54,37
54,37
54,9
54,9
54,9
54,14
54,3
54,37
54,31
54,15
54,13
54,13
54,19
54,19
54,9
54,19
54,19
54,9
30,9
54,31
9,3
9,31
9,19
9,37
9,37
9,3
9,31
9,31
54,31
54,15
54,13
54,3
9,19
9,3
9,13
9,19
54,19
9,13
22,29
22,29
22,3
22,3
22,3
22,19
22,37
22,37
22,37
22,37
22,3
22,9
22,3
22,3
22,31
22,31
22,13
22,13
22,13
22,13
22,13
30,13
30,3
30,19
30,31
30,3
30,9
30,19
30,19
30,3
30,15
30,29
30,13
30,14
30,13
30,13
30,31
30,9
30,19
30,3
30,3
30,31
30,13
30,13
30,13
30,3
30,13
30,15
30,15
3,15
3,15
3,15
3,15
3,15
39,13
39,15
39,13
39,13
39,37
39,14
39,14
39,14
39,3
39,31
39,3
39,31
3,3
3,19
92,3
92,13
92,13
3,14
3,37
92,19
92,13
39,37
39,15
3,13
39,37
92,13
3,13
3,31
3,3
3,31
39,14
3,3
3,3
3,31
3,15
3,15
3,31
3,3
3,14
3,3
13,3
15,3
92,37
43,37
43,37
43,37
43,19
43,3
43,3
43,31
43,37
43,9
43,13
43,37
43,37
43,29
43,29
43,29
43,3
43,3
43,37
43,3
43,19
43,14
43,3
43,37
43,37
43,37
13,37
13,37
13,37
13,13
13,31
13,3
13,14
92,3
39,37
92,37
92,37
92,13
13,13
3,13
3,6
3,6
13,6
3,3
3,29
92,3
92,9
92,3
39,6
39,37
92,3
3,3
15,13
39,9
39,9
43,9
43,9
43,3
43,3
43,29
43,13
43,13
43,13
43,31
43,31
43,37
43,19
43,3
43,6
43,3
43,14
3,3
15,9
92,3
3,3
3,3
3,37
3,31
3,31
3,31
3,31
3,31
3,31
15,31
15,31
15,19
15,37
15,3
15,37
15,15
15,3
15,31
15,3
15,3
15,31
3,6
3,15
13,37
43,3
43,37
92,43
92,46
92,46
92,46
92,46
92,46
92,43
92,46
92,43
92,46
92,43
92,46
92,43
92,43
92,46
92,46
92,46
92,17
92,17
92,20
92,20
92,20
92,19
92,43
92,46
92,20
92,46
92,43
92,46
92,19
92,40
92,19
92,17
92,11
92,43
92,19
92,19
92,43
92,11
92,43
92,46
92,43
92,11
92,46
92,43
92,43
92,40
92,17
92,17
92,17
92,17
92,46
92,46
92,19
92,46
92,46
39,17
92,11
92,43
13,43
13,43
39,46
39,18
92,18
39,18
39,18
92,18
92,18
92,18
39,18
39,43
39,18
39,43
39,19
39,46
39,20
39,18
39,11
39,11
92,19
92,17
92,43
92,43
92,19
39,19
92,19
92,19
92,19
92,46
92,46
92,19
3,46
3,20
3,18
3,43
3,20
3,20
3,46
3,46
3,19
3,46
3,46
3,46
3,46
165,46
165,11
165,17
165,17
165,18
165,17
165,18
165,17
48,46
61,46
61,40
48,17
48,11
61,46
22,43
22,40
22,46
22,43
22,43
22,20
22,20
22,43
22,17
22,17
22,40
22,20
22,46
22,20
22,18
22,40
22,40
22,11
22,18
22,43
22,19
22,19
48,46
48,40
17,40
48,40
48,40
48,18
48,46
21,46
48,40
48,40
61,40
17,40
48,40
48,40
48,40
48,40
48,40
48,40
48,40
48,40
48,40
48,40
48,40
48,40
48,40
48,40
48,40
48,40
48,40
48,40
48,40
48,40
48,40
48,40
48,40
48,40
48,20
48,17
23,11
23,46
23,19
23,11
23,46
23,40
23,43
23,43
23,43
23,43
23,43
23,43
23,20
23,20
23,20
48,20
48,20
48,20
48,20
61,46
21,18
21,43
21,43
21,43
21,43
21,43
21,43
21,43
21,43
21,43
21,43
21,18
21,19
21,46
21,46
21,15
21,5
21,15
48,37
61,29
61,29
61,37
165,10
165,10
165,37
165,37
165,19
165,5
165,29
165,37
165,37
165,37
165,10
165,37
165,10
165,37
165,5
165,37
165,37
165,29
165,37
165,10
165,15
165,29
165,29
165,40
165,40
165,40
165,37
165,5
165,29
165,40
165,37
165,29
165,37
165,19
165,40
165,40
165,40
165,15
165,40
165,37
165,40
165,5
165,29
165,7
165,7
165,7
165,7
165,37
165,29
165,40
165,10
165,40
165,40
165,29
165,29
165,29
165,29
165,29
165,29
165,29
165,29
165,29
165,15
165,15
165,15
165,29
165,37
165,40
165,40
165,40
165,10
165,40
165,7
165,7
165,37
165,37
165,37
165,37
165,40
165,29
165,29
165,29
165,29
165,15
165,40
165,15
165,15
165,37
165,37
165,37
165,40
165,29
165,37
165,37
165,37
165,37
165,37
165,37
165,5
165,5
165,15
165,40
165,40
165,15
165,5
165,19
165,10
165,5
165,37
165,37
165,29
165,37
165,29
165,29
165,5
165,40
165,40
165,37
165,37
165,37
165,10
165,40
165,29
165,10
165,40
165,40
165,40
165,40
165,40
165,40
165,40
165,40
165,40
165,40
165,40
165,40
165,40
165,40
165,40
165,40
165,19
165,19
165,19
165,19
165,19
165,19
165,19
165,19
165,19
165,19
165,19
165,19
165,19
165,19
165,19
165,19
48,15
61,15
21,3
48,19
61,9
23,5
23,1
23,3
23,1
23,1
23,7
23,5
23,3
17,1
61,3
21,7
61,12
61,1
61,1
61,3
61,1
61,9
61,2
17,1
61,3
61,1
61,1
61,1
17,30
61,53
61,1
17,5
17,7
17,1
17,9
17,1
17,1
17,3
17,3
17,1
17,4
17,4
48,1
17,1
61,1
61,3
61,7
61,3
61,2
61,1
61,1
61,7
61,13
61,17
61,3
61,1
61,1
61,1
61,7
61,11
61,21
61,1
61,1
61,1
61,5
61,10
61,1
61,1
61,1
61,1
61,1
61,1
61,4
61,1
61,1
61,1
61,21
61,43
61,1
61,13
61,1
38,1
38,9
38,1
38,5
38,1
38,1
38,1
38,5
38,17
38,4
38,5
38,5
38,3
38,1
38,1
38,3
38,1
38,1
38,1
38,19
38,1
38,9
38,15
38,3
38,3
38,1
38,1
38,1
38,1
38,5
38,15
38,3
38,5
38,7
38,5
38,1
38,15
97,1
29,10
29,3
29,1
29,7
29,1
29,1
29,15
29,1
29,1
29,1
29,1
29,1
29,1
29,1
29,1
29,4
29,3
29,1
29,1
29,1
29,9
33,3
33,3
33,5
33,1
33,1
33,53
33,1
33,12
33,12
33,1
33,1
33,7
33,5
33,5
33,5
33,3
33,1
5,1
97,1
33,1
33,7
66,3
66,3
97,1
33,1
97,1
33,35
29,1
29,3
29,22
66,11
29,1
66,7
29,7
9,20
9,3
9,3
9,43
9,1
9,3
9,4
66,1
29,1
97,5
5,1
5,1
5,1
5,1
97,5
97,3
33,5
5,43
19,1
33,3
33,11
33,13
33,7
33,3
33,3
33,5
33,1
33,3
33,1
33,9
33,3
33,3
33,1
33,4
33,1
33,3
33,1
33,1
33,11
33,3
33,5
33,1
33,15
33,9
33,1
33,1
33,1
33,1
33,1
33,3
33,5
33,5
29,1
33,3
33,1
33,3
97,53
97,1
97,3
97,1
97,3
97,7
33,7
66,5
33,1
5,1
5,1
5,1
5,1
97,1
5,1
66,1
97,1
97,1
29,1
33,1
97,11
97,1
97,1
97,1
97,1
33,1
33,1
33,17
97,1
5,1
5,1
5,4
19,3
19,3
19,3
19,17
19,17
19,3
19,3
19,20
19,1
19,3
19,12
19,4
19,9
19,9
19,1
19,1
19,1
19,5
97,1
97,1
97,1
97,7
97,1
97,1
97,1
97,1
97,1
97,7
97,8
97,3
5,1
97,1
97,1
97,1
97,3
97,3
97,1
97,8
97,8
97,1
97,13
97,1
97,13
97,1
97,13
97,1
97,15
97,7
97,3
97,5
97,1
97,3
97,3
97,5
97,1
97,3
97,1
97,1
97,3
97,1
97,1
97,1
97,10
97,23
97,1
97,3
97,3
97,9
97,1
97,9
97,1
97,21
97,1
97,1
97,9
97,3
97,5
97,1
97,7
97,43
97,5
97,11
97,1
97,1
97,1
97,3
97,1
97,3
97,1
97,17
97,1
66,3
66,1
66,5
66,1
66,3
66,1
66,3
66,5
66,5
66,3
66,15
66,1
66,3
66,3
66,1
66,1
66,13
66,1
66,3
66,1
66,1
66,9
66,3
66,1
66,1
66,1
66,1
66,3
66,35
97,1
97,1
97,16
66,1
66,21
66,19
66,3
66,1
66,13
66,3
66,13
66,1
66,3
66,1
66,1
66,5
66,1
66,3
66,3
66,7
66,1
66,5
66,1
66,1
66,5
66,1
66,5
66,1
66,3
66,1
66,1
66,7
66,3
26,3
26,7
26,1
27,1
26,1
27,43
26,1
26,1
26,1
26,1
26,20
26,1
26,1
26,1
26,1
26,1
26,53
26,1
26,5
26,3
26,1
26,7
26,5
26,5
26,3
26,3
27,1
26,3
27,1
27,5
27,1
27,1
27,1
27,1
27,1
27,1
27,1
27,1
27,1
27,1
27,5
27,1
27,19
27,3
27,3
27,1
27,1
27,13
27,23
27,1
27,1
27,2
26,7
33,21
33,3
70,1
70,2
88,2
88,2
88,1
88,5
88,5
88,1
8,1
70,1
70,5
70,1
70,3
70,1
70,5
70,9
70,3
70,1
70,1
70,1
70,3
70,1
70,13
70,12
70,12
88,1
88,1
88,1
88,9
88,15
88,7
88,1
88,1
88,9
88,15
88,1
88,3
88,1
88,11
88,1
88,7
88,3
88,1
88,3
88,11
88,3
88,3
88,13
88,19
88,43
88,1
88,6
88,1
88,1
88,11
88,1
88,11
88,3
88,1
88,3
88,21
88,1
88,5
88,1
88,5
88,1
88,3
88,1
88,1
88,3
88,3
88,3
88,3
88,1
88,3
88,1
88,1
88,3
88,3
88,1
88,12
88,1
88,12
88,1
88,1
88,3
88,1
88,1
88,3
88,1
88,3
88,19
88,19
88,1
88,1
88,1
88,1
88,1
88,1
88,1
88,1
88,1
88,1
88,1
88,1
70,1
70,1
70,1
70,1
70,1
70,1
70,9
70,1
70,5
70,1
70,8
70,1
70,5
70,5
70,7
70,1
70,3
70,1
70,1
70,1
70,1
70,1
70,1
70,1
70,3
70,7
70,1
70,13
70,1
70,1
70,1
70,9
70,1
70,11
70,1
70,1
70,9
70,9
70,3
70,3
70,1
65,5
65,5
65,1
65,1
65,7
65,1
65,1
65,1
65,53
65,19
65,1
65,19
65,5
65,22
65,1
65,1
65,13
65,9
65,3
65,5
65,1
65,1
65,1
65,7
65,1
65,1
65,13
65,1
65,7
65,1
65,1
65,15
65,1
65,1
65,1
65,1
65,1
65,1
65,1
65,1
65,35
65,7
65,1
65,7
65,1
65,1
65,1
65,1
65,53
65,1
65,4
65,1
65,13
65,1
65,3
65,9
65,1
65,4
65,7
65,1
65,3
65,1
65,5
65,1
65,13
70,9
70,20
70,3
70,11
70,1
70,3
70,1
70,1
70,1
70,5
70,1
7,1
1,1
1,11
1,9
1,9
8,9
8,1
1,1
1,3
1,3
6,1
1,5
1,5
3,1
3,3
8,1
1,1
1,1
1,1
1,5
1,1
1,1
9,9
1,1
5,3
1,1
1,1
4,3
1,13
1,43
1,1
5,1
1,5
1,3
1,1
1,1
8,1
8,18
8,18
8,18
8,4
8,1
1,1
1,1
5,1
5,3
5,9
1,9
1,3
1,8
5,5
5,5
1,1
1,3
1,3
1,1
1,1
5,1
5,1
5,1
5,1
5,3
1,1
5,1
1,9
1,1
1,9
1,9
3,9
3,9
3,9
3,9
1,9
1,9
1,25
3,3
1,1
1,3
1,1
1,1
1,3
1,5
1,1
1,3
1,3
1,1
1,3
2,1
2,1
2,3
1,3
1,3
1,11
3,1
3,21
3,3
3,1
1,3
45,9
45,9
1,1
9,13
7,1
45,13
7,3
7,1
7,1
7,1
7,1
3,3
3,1
5,1
3,3
3,1
3,1
3,5
3,3
3,5
3,1
3,1
3,3
1,3
1,1
1,3
3,1
5,1
5,5
5,5
5,5
5,5
5,5
1,5
1,53
1,53
1,1
1,8
1,1
1,5
1,5
1,23
2,1
2,3
1,30
1,7
1,1
1,1
1,3
1,3
1,1
1,9
1,1
1,3
1,2
7,2
7,1
7,16
7,1
3,1
3,1
3,1
1,3
1,1
1,3
1,1
7,3
7,3
1,5
1,9
12,5
45,11
7,1
1,3
1,7
1,3
1,21
3,21
1,1
1,2
3,2
1,3
1,1
1,3
1,1
1,1
1,5
3,5
3,1
3,3
3,1
1,1
1,1
1,1
23,1
1,3
1,1
1,21
3,3
3,3
1,1
1,1
7,1
11,5
1,11
3,1
1,1
3,15
1,9
1,1
1,9
1,3
1,3
3,1
3,43
1,3
1,16
1,1
1,1
1,1
1,7
1,5
1,1
1,1
1,7
61,1
61,1
61,1
61,3
61,53
61,1
61,43
61,3
61,1
61,53
61,5
61,1
61,11
61,5
61,1
61,43
61,43
61,1
61,1
61,1
61,1
11,1
11,3
11,5
11,1
11,1
11,10
11,3
11,17
1,1
1,35
1,5
5,1
5,43
3,1
3,1
5,1
3,43
3,43
3,43
3,43
1,43
1,43
1,43
1,43
1,43
1,43
1,43
1,43
1,43
3,43
3,43
3,43
3,43
1,43
1,43
1,43
3,43
1,43
3,43
3,1
3,43
7,43
7,5
7,1
7,1
7,1
7,43
7,1
1,1
1,1
1,21
1,3
1,21
3,5
3,3
3,7
1,9
1,3
1,1
7,9
7,1
7,5
7,5
1,1
1,1
1,1
1,1
1,1
1,15
1,1
1,1
1,7
1,1
5,3
1,1
1,1
5,1
5,3
2,3
2,1
2,1
8,12
8,1
8,3
8,3
8,3
8,3
8,1
8,5
8,1
2,1
2,1
2,1
1,1
7,1
7,1
7,2
7,3
7,3
7,21
1,1
7,1
7,1
1,5
1,5
1,1
1,1
11,1
11,1
11,7
11,1
11,1
11,1
11,1
11,1
1,3
11,1
1,1
1,9
1,5
1,1
1,1
1,1
1,1
1,20
1,20
1,7
5,1
5,1
5,3
5,8
5,3
5,1
6,5
6,17
6,17
1,3
6,1
6,3
6,1
6,1
1,1
3,1
3,3
4,1
3,16
3,11
11,1
11,5
1,1
19,3
1,20
1,1
1,3
1,1
1,3
1,11
1,1
1,53
1,1
1,1
1,1
1,1
1,1
1,1
1,1
1,1
1,1
1,1
1,1
1,1
1,1
1,4
1,4
1,3
1,3
1,3
1,3
1,1
1,23
7,23
7,23
7,3
7,1
7,15
7,3
7,1
7,3
3,5
3,11
3,7
3,18
2,3
2,3
2,3
1,1
1,1
1,1
1,7
1,1
1,5
100,11
5,3
11,19
11,1
11,1
11,1
11,7
11,7
11,3
11,1
11,5
11,13
11,13
11,13
7,1
7,3
1,1
1,15
1,13
5,3
5,3
1,9
9,3
1,1
1,1
1,20
1,1
1,9
1,1
6,9
6,1
6,2
1,4
1,10
7,1
7,1
1,1
7,1
7,19
7,3
1,1
7,3
7,1
1,3
7,1
3,1
1,3
3,1
1,17
1,1
3,1
3,17
3,3
3,1
3,3
3,1
1,1
1,1
1,1
1,12
3,3
3,2
3,7
3,1
1,2
1,3
3,3
25,1
1,1
1,35
5,1
1,3
1,43
1,43
1,1
1,1
1,3
1,5
3,1
1,1
1,1
1,1
1,1
1,3
1,1
1,1
1,1
1,43
3,4
7,4
7,1
7,13
7,1
2,17
1,3
1,1
2,17
1,1
5,9
3,1
3,1
3,5
3,3
7,7
1,9
1,1
1,1
1,7
1,1
1,7
1,6
1,1
3,1
3,1
1,1
3,1
3,1
3,1
3,25
5,30
5,1
5,3
1,3
1,3
1,1
27,1
27,1
1,1
1,1
13,1
1,5
1,11
1,1
1,2
11,1
1,1
1,3
1,3
1,7
1,3
1,1
1,3
1,35
5,1
5,1
5,1
5,7
3,11
3,1
3,1
3,1
1,1
4,1
4,11
4,13
1,1
1,1
1,3
1,1
1,11
1,11
1,4
1,1
1,1
1,1
17,5
1,3
3,1
3,1
3,1
8,7
11,2
5,2
1,1
1,3
1,5
6,15
6,20
6,1
6,11
6,1
6,7
6,1
1,1
14,3
1,1
7,1
7,1
7,1
7,1
1,1
1,1
1,1
3,1
3,1
3,1
3,1
3,1
3,1
3,7
3,1
1,1
1,5
2,1
2,1
5,11
5,5
5,1
5,1
5,1
5,1
1,1
1,9
2,1
3,1
3,1
1,3
1,1
3,7
3,53
1,1
1,1
1,1
3,1
3,5
1,3
1,3
1,15
1,1
1,3
1,1
1,9
3,1
1,1
1,5
1,1
3,1
3,2
3,2
3,2
19,43
3,3
3,5
3,18
3,3
3,1
7,3
7,1
7,16
7,1
7,3
7,3
7,3
5,3
1,31
1,3
1,5
1,1
2,1
2,9
2,1
1,21
1,1
1,1
25,1
4,7
4,3
4,1
4,35
4,1
3,5
1,3
1,3
45,3
7,1
45,1
7,1
3,5
1,1
1,1
5,3
5,1
5,1
5,1
5,9
5,22
12,3
1,22
6,1
6,1
6,5
6,3
6,1
6,5
6,30
7,1
1,43
1,1
1,1
5,1
1,1
1,1
1,5
1,5
1,3
1,5
1,5
3,19
3,1
1,3
1,1
1,7
1,3
45,1
45,35
45,4
45,1
45,6
45,13
45,13
45,1
45,1
45,1
45,1
1,5
5,1
3,7
1,3
1,1
41,1
2,1
2,13
2,1
1,1
1,10
1,2
1,2
1,2
1,3
1,1
1,1
3,1
3,1
3,1
3,1
1,16
1,3
3,1
3,1
3,1
3,1
3,1
3,3
3,3
3,9
3,15
1,1
1,1
1,1
1,3
11,3
1,4
3,3
3,1
3,7
1,1
1,1
3,43
1,9
2,1
3,1
1,3
1,1
5,1
5,1
12,1
5,3
27,1
5,5
1,1
1,9
1,3
1,1
1,3
1,3
1,3
7,7
1,3
1,1
5,1
1,1
1,2
7,2
7,3
3,7
7,1
7,1
7,3
7,3
7,11
7,1
2,3
2,1
2,1
1,1
1,5
1,3
1,1
1,5
1,1
4,1
4,1
4,11
4,7
1,2
3,3
6,11
6,1
6,1
6,1
6,1
6,3
6,3
3,1
5,3
5,3
1,3
1,1
1,7
1,7
3,3
1,10
1,5
3,1
3,3
3,1
3,3
1,3
1,1
1,1
1,1
1,3
1,5
1,11
1,35
1,35
1,3
2,1
1,10
1,13
1,3
7,5
3,1
7,1
7,1
7,1
7,1
7,1
3,5
7,1
7,3
3,1
3,9
3,1
3,1
1,5
1,5
1,1
2,1
2,5
2,1
7,1
7,1
7,35
1,1
3,1
3,3
3,1
3,9
7,1
7,1
5,20
7,20
5,1
7,7
7,1
7,1
7,7
7,1
1,1
1,1
1,3
1,1
3,1
3,3
3,1
3,15
8,3
8,7
1,1
8,1
8,1
8,12
8,3
8,7
1,1
8,1
8,1
1,5
1,3
7,5
1,3
1,3
1,7
1,5
3,3
3,3
3,1
3,11
1,3
5,1
1,1
3,5
3,1
3,1
3,1
1,3
1,3
1,1
1,3
1,1
1,1
1,15
3,5
3,7
3,3
3,1
1,1
1,1
1,3
1,3
12,1
1,1
1,1
1,1
1,1
1,9
1,53
1,1
1,1
1,3
1,1
3,5
3,21
13,1
13,20
3,20
3,20
1,20
1,3
27,1
27,35
27,3
27,3
27,35
27,35
27,11
27,35
27,35
27,12
27,12
27,1
27,1
27,3
27,3
27,3
27,3
27,5
27,5
27,5
27,9
27,1
27,1
1,1
1,1
1,1
1,1
5,1
5,1
5,3
5,4
5,4
5,7
1,5
1,3
1,1
1,3
7,3
1,1
1,1
2,1
2,7
2,1
1,9
5,3
5,1
5,3
5,1
5,7
1,1
1,1
1,1
1,1
1,3
1,1
27,1
27,1
27,7
27,3
27,21
27,1
27,5
17,3
27,20
27,8
27,1
27,12
27,1
27,1
27,7
27,1
27,7
27,1
27,1
27,5
27,7
27,1
27,1
27,1
1,3
1,19
1,10
1,1
1,7
2,10
2,1
2,12
1,12
1,3
1,3
1,10
1,1
1,1
25,1
25,3
25,10
25,12
25,12
25,5
1,1
1,1
1,1
1,1
1,3
1,1
1,3
1,1
1,1
1,1
1,1
1,1
25,7
1,3
1,3
1,11
1,1
1,1
1,11
3,3
3,1
1,1
3,9
3,1
1,3
1,5
1,5
3,1
3,5
1,1
1,3
1,1
1,3
11,3
1,5
1,3
3,5
3,2
7,1
1,1
6,5
6,5
6,5
6,30
6,5
6,5
6,5
1,1
1,1
1,1
1,1
1,1
1,1
1,1
1,3
1,3
1,1
1,13
3,5
3,1
1,5
1,1
1,3
1,3
3,1
3,5
5,3
8,5
1,5
1,1
1,1
1,1
1,3
5,2
5,3
5,3
5,1
5,1
5,1
1,1
1,1
2,3
2,3
2,17
1,17
1,5
1,1
1,1
1,7
1,5
1,5
1,3
1,3
1,1
1,1
7,3
7,18
5,1
5,1
5,1
1,1
1,1
1,3
1,18
3,1
1,9
1,11
3,11
17,3
17,5
3,1
3,1
3,5
3,1
3,1
11,3
11,3
11,3
3,1
1,1
1,1
1,5
1,1
1,1
17,1
1,7
19,2
19,7
19,7
19,1
19,1
19,1
19,1
19,1
19,1
19,4
19,5
19,1
19,5
19,1
19,7
19,1
19,1
19,5
19,5
19,5
1,1
2,1
2,5
2,1
1,5
1,1
1,1
1,18
1,9
1,4
28,1
5,1
5,1
5,1
1,21
5,11
5,1
5,1
1,7
1,9
1,1
1,1
1,3
1,1
1,11
1,1
1,1
1,1
1,1
1,17
1,35
1,1
1,1
1,7
1,1
1,5
1,5
41,7
1,1
1,1
11,1
1,1
2,3
2,3
2,4
14,1
1,1
100,1
1,1
3,1
3,1
3,3
3,1
3,5
1,3
1,1
1,5
1,13
5,3
5,3
5,3
1,3
5,13
1,1
5,1
5,9
1,3
1,7
5,11
5,5
5,13
5,7
5,1
2,1
2,1
2,1
1,3
1,1
1,1
1,7
1,11
1,16
1,1
1,1
5,1
5,1
5,1
1,1
1,3
12,1
1,3
1,3
3,3
1,13
1,13
1,3
1,3
1,13
1,19
1,21
1,1
1,3
1,1
1,5
1,5
9,5
3,19
3,1
2,1
2,1
2,3
3,3
3,3
41,7
41,19
1,19
1,3
5,1
1,1
9,1
1,3
1,1
1,53
1,5
1,1
3,1
1,1
1,3
3,1
3,1
3,2
3,18
3,5
1,5
1,1
1,1
1,5
3,1
3,1
3,1
3,1
3,1
3,1
3,7
3,1
1,1
1,1
1,7
1,1
1,1
5,1
3,1
7,3
1,7
1,1
15,1
1,1
1,4
3,1
3,3
3,3
3,1
1,1
1,1
1,1
1,1
1,1
1,1
1,3
1,3
1,3
1,3
1,3
3,1
3,13
3,5
1,1
1,2
1,2
1,2
1,1
5,1
5,5
3,18
7,1
7,5
7,1
7,1
1,8
1,35
1,5
1,1
1,1
12,1
11,1
1,1
1,1
1,7
1,1
5,1
3,5
9,1
27,1
27,1
27,1
1,1
3,1
3,1
1,1
1,1
3,5
1,3
1,1
1,1
3,1
3,3
3,1
3,3
1,1
1,5
1,7
2,1
2,3
2,3
5,43
1,1
1,3
1,9
1,1
1,19
1,1
3,15
3,1
3,13
3,1
1,1
11,3
11,1
11,1
11,1
11,1
11,3
11,11
11,1
11,1
11,1
11,1
8,1
12,1
12,3
12,3
12,1
12,5
12,1
12,8
12,1
12,1
12,1
1,2
1,1
1,1
1,1
1,1
1,1
1,1
1,1
1,1
3,1
3,1
3,13
3,1
1,1
1,3
1,3
1,13
3,13
3,1
3,1
3,3
12,1
1,3
1,1
1,1
7,5
1,35
1,3
1,3
3,1
1,1
2,6
2,3
2,1
1,3
1,1
3,1
2,1
3,1
3,3
3,1
2,7
2,1
5,3
1,1
3,3
3,12
3,1
3,1
1,1
1,3
1,3
1,7
1,1
1,3
1,1
1,1
3,3
3,3
3,1
3,21
1,1
1,3
1,1
1,1
1,1
1,1
1,1
3,3
1,3
1,3
1,3
1,1
5,1
5,3
5,1
5,1
17,20
17,15
5,3
5,1
27,1
1,1
25,7
25,1
25,7
3,1
25,1
25,1
25,7
25,1
25,3
25,5
25,23
25,3
25,1
25,5
25,1
25,1
1,1
1,1
1,1
3,1
3,1
3,3
3,1
3,3
1,15
1,1
1,1
7,1
1,1
1,1
15,1
6,9
11,1
11,3
11,1
11,25
11,1
11,1
1,1
3,3
8,1
8,1
8,1
8,3
8,1
8,35
8,1
8,1
8,20
1,1
1,5
1,5
1,5
1,5
1,23
1,1
1,1
1,1
3,1
3,1
1,11
1,11
1,35
3,35
3,4
3,1
3,5
1,1
1,1
1,7
5,3
28,3
28,3
28,3
28,10
28,17
28,17
28,17
28,5
28,17
1,17
5,5
5,1
5,15
5,7
5,7
5,7
5,7
5,7
5,7
5,1
1,1
1,1
1,1
1,1
2,1
2,1
2,1
1,1
3,1
3,3
3,10
1,1
3,3
3,1
1,1
1,1
1,9
1,17
1,5
1,11
3,1
3,3
3,3
3,1
1,1
1,3
1,9
1,1
1,3
1,1
1,11
1,1
1,3
1,1
1,1
1,1
1,1
27,1
27,1
27,7
27,1
27,5
27,5
27,5
27,1
1,1
27,3
27,1
27,3
6,17
27,1
27,1
27,3
27,3
27,1
27,1
27,1
27,53
27,53
27,53
27,1
27,53
27,11
27,53
27,9
27,1
27,11
1,1
1,1
8,1
12,1
12,1
12,1
12,3
7,3
6,5
6,1
6,1
6,1
6,1
6,1
6,1
1,1
1,1
11,43
11,1
11,3
11,1
6,1
6,1
6,53
11,3
1,3
11,3
7,3
7,21
7,1
7,1
7,17
7,1
7,3
7,3
5,1
5,1
5,3
5,3
1,1
1,7
1,3
1,1
1,5
5,17
5,3
3,1
3,5
1,9
1,3
3,30
3,7
1,1
3,1
5,1
3,1
11,1
3,10
1,1
1,1
1,1
13,5
13,1
13,1
13,5
13,1
13,7
13,1
13,1
13,5
13,5
13,43
13,20
13,3
1,1
1,1
1,1
1,1
1,1
1,1
2,1
2,1
2,21
11,1
1,18
1,18
1,18
5,7
5,1
1,21
5,18
5,18
5,21
5,1
1,1
1,5
1,1
1,1
1,9
1,1
1,21
1,1
3,3
3,1
3,1
3,1
1,3
1,1
1,1
3,1
3,1
3,15
1,3
1,3
1,3
1,1
1,1
1,1
1,1
5,11
1,1
3,1
3,1
3,1
3,3
1,3
1,3
1,9
1,1
1,9
1,1
1,1
1,4
1,1
1,1
1,3
1,12
1,17
1,1
1,7
2,1
2,3
2,3
1,1
1,1
3,1
1,4
1,1
1,53
1,1
1,1
1,9
1,7
1,1
1,1
1,1
1,1
7,3
7,1
3,3
7,1
2,3
2,3
2,2
7,1
3,15
3,1
3,3
3,21
1,3
1,1
7,1
7,1
7,3
7,3
3,3
3,3
3,15
3,3
1,1
1,1
5,1
5,1
1,1
3,3
1,5
5,1
5,1
5,1
7,1
7,1
1,1
1,1
3,7
3,7
7,2
7,21
7,2
7,7
7,2
3,1
1,7
3,3
3,1
1,7
1,1
1,1
1,1
1,19
1,5
1,1
1,3
1,1
1,11
1,1
1,1
5,3
5,5
5,5
5,13
1,1
1,1
5,1
1,1
1,1
1,9
1,3
1,1
1,1
1,3
1,1
1,1
34,1
1,1
18,5
5,5
18,3
18,1
18,9
18,11
18,3
18,1
18,12
18,3
18,3
18,10
18,3
18,1
18,3
18,2
18,2
18,1
18,1
18,3
1,1
1,3
1,2
11,9
11,35
11,1
11,5
1,3
1,1
1,1
1,9
5,1
27,1
5,1
1,43
1,3
1,1
7,1
7,1
7,5
7,1
7,1
7,1
7,13
7,13
8,13
8,13
8,15
8,13
8,13
8,1
8,13
8,1
8,1
1,7
1,1
2,1
3,1
1,1
1,35
1,1
5,1
1,1
1,1
5,1
5,1
5,1
5,1
12,1
12,3
12,13
12,13
12,5
12,1
12,1
12,1
12,1
12,9
12,1
12,1
12,7
1,3
1,3
1,1
1,21
1,1
1,3
1,1
1,1
1,1
1,1
3,1
3,1
41,5
3,9
3,9
1,9
1,9
1,9
1,3
1,1
1,3
1,3
9,3
9,3
9,1
9,7
9,3
9,1
9,22
9,1
9,4
9,5
1,1
1,1
1,1
1,11
3,1
3,1
3,1
3,13
3,3
3,13
3,3
1,1
1,1
1,1
1,3
5,3
5,1
5,1
5,1
5,13
1,1
1,1
1,7
1,1
5,3
1,1
1,1
1,7
1,1
5,3
5,1
5,1
5,3
5,3
5,7
1,1
1,1
3,1
3,3
3,3
3,3
3,1
3,1
3,3
3,1
1,3
1,1
2,3
2,2
2,2
3,15
3,15
1,1
1,11
3,1
3,13
3,1
3,5
1,1
1,16
1,1
3,1
3,3
3,3
3,5
1,5
1,5
1,1
11,9
1,3
1,1
1,1
1,1
1,1
3,3
3,5
3,5
3,9
9,2
9,1
9,2
9,13
9,17
2,9
2,1
2,1
3,1
3,5
1,5
1,5
1,1
3,1
1,3
1,3
5,3
1,3
1,3
1,3
2,3
2,3
3,1
3,9
3,1
3,11
5,1
2,9
2,25
2,3
1,1
1,1
12,1
1,1
1,1
3,10
3,3
3,3
1,3
3,1
1,18
1,18
61,5
61,12
61,12
61,3
61,1
61,1
61,1
61,3
61,3
61,3
61,2
61,1
61,5
61,3
61,3
61,1
61,1
61,9
61,1
61,5
61,21
61,20
61,53
61,7
61,1
61,1
61,3
61,4
61,4
61,1
61,1
61,7
61,13
61,13
61,13
61,13
61,13
61,13
61,13
61,13
61,9
1,13
1,13
1,1
12,5
1,1
1,5
1,7
9,1
9,5
9,1
9,1
9,1
9,3
9,19
9,2
9,30
9,3
1,1
1,1
1,1
1,1
19,10
3,3
3,1
3,7
3,12
1,10
1,12
1,1
1,7
1,1
1,5
1,16
1,1
27,1
1,1
1,1
1,9
1,1
1,1
3,1
1,19
3,3
3,1
3,3
3,13
1,19
19,3
19,1
19,1
19,1
19,3
19,3
19,3
19,4
19,4
19,1
19,21
19,11
19,11
19,1
19,3
19,10
1,1
1,1
1,5
28,1
28,5
28,5
28,5
28,1
28,1
28,1
28,1
28,7
28,1
28,53
28,13
28,5
28,5
28,1
28,1
28,17
28,1
28,5
28,1
1,1
5,1
1,1
7,1
1,1
7,3
1,1
1,15
1,3
1,21
1,1
9,1
9,1
9,9
9,9
9,9
9,3
9,3
11,1
1,1
1,19
1,3
1,3
1,3
3,1
3,1
3,5
3,1
41,1
1,15
3,9
3,1
3,21
25,53
25,1
25,1
25,3
25,3
25,3
9,1
9,1
9,1
9,3
9,1
9,1
9,3
9,3
9,3
9,3
5,3
5,3
5,12
1,9
1,1
1,5
1,7
1,3
3,1
1,13
1,1
15,1
3,1
1,5
1,1
1,1
1,1
1,1
1,3
11,1
1,1
1,3
1,3
1,3
1,1
3,1
3,3
3,1
3,5
3,5
3,21
5,1
5,1
5,1
5,5
1,1
2,3
1,1
1,1
1,1
1,43
3,1
1,1
1,1
1,22
1,4
1,3
222,3
19,5
19,5
19,1
19,1
19,3
19,1
19,1
19,3
19,1
19,1
19,3
19,1
19,3
19,1
19,3
19,1
19,3
222,1
19,1
19,1
19,1
1,1
5,1
1,5
1,1
4,1
4,1
4,7
4,5
11,3
11,1
11,1
11,11
11,11
11,3
1,9
1,1
1,1
1,1
1,1
1,1
1,1
12,1
12,1
12,3
12,1
12,1
12,3
12,3
12,7
12,7
12,3
1,1
1,3
1,1
5,1
3,23
11,3
3,1
9,5
11,5
11,23
11,1
11,1
11,1
3,1
3,1
9,4
5,6
5,1
5,1
5,1
1,1
1,30
9,1
9,30
9,4
12,1
9,4
12,30
3,1
1,1
1,3
1,3
8,9
8,5
8,8
8,35
8,1
8,1
8,1
8,16
8,16
3,35
7,3
7,7
7,9
7,7
12,1
12,19
12,1
12,1
12,1
5,10
5,1
5,1
5,7
5,1
3,3
3,1
3,1
3,7
3,35
3,13
7,13
7,1
5,2
5,1
5,1
5,3
5,53
5,30
1,7
1,3
9,3
9,3
9,1
9,16
9,1
1,1
9,9
1,1
9,9
9,1
9,7
9,5
1,5
1,1
1,1
1,1
3,5
3,5
3,1
3,6
1,13
1,35
1,1
1,3
1,1
1,1
1,1
3,1
5,1
3,1
4,9
5,9
1,9
1,9
1,5
1,1
3,1
3,1
1,1
1,1
1,1
1,20
1,1
1,7
1,1
1,3
1,3
1,7
1,13
1,13
1,1
1,11
1,19
1,7
1,1
3,11
3,1
3,9
3,1
1,1
1,1
1,1
1,5
5,1
1,35
5,15
1,43
8,1
8,1
8,1
8,1
8,21
8,21
8,1
1,13
1,3
11,3
11,3
4,1
4,3
4,1
4,1
4,3
1,1
1,1
1,5
1,1
1,1
1,7
1,1
1,1
1,3
1,1
1,1
1,1
3,1
3,3
3,5
1,15
3,1
1,1
1,3
1,1
1,1
3,1
1,3
3,7
1,1
1,1
1,1
2,1
2,1
2,11
5,11
5,11
5,11
5,15
5,3
5,15
1,1
1,1
1,5
1,7
3,7
1,30
1,1
1,25
1,1
1,7
1,3
12,1
1,1
1,1
1,1
3,1
3,3
3,1
3,3
1,1
1,1
1,3
1,1
1,3
1,1
1,1
1,1
1,3
1,1
1,1
1,7
1,1
1,1
1,1
1,1
1,1
1,5
1,3
1,7
1,7
1,5
1,5
1,5
10,3
10,1
10,1
10,1
3,1
10,1
10,5
10,1
10,1
10,1
10,1
1,1
1,1
14,1
1,5
1,5
1,1
1,3
1,1
1,1
1,1
1,3
3,3
3,3
3,1
3,1
5,1
2,18
2,3
2,7
1,7
1,2
1,1
1,1
1,1
1,1
1,5
1,1
1,1
1,1
1,13
1,1
1,13
1,3
7,1
7,1
7,1
7,1
1,3
7,3
7,3
7,3
7,3
1,1
1,9
1,1
1,1
1,1
1,5
3,3
1,11
1,7
1,10
1,3
1,13
1,13
1,3
1,1
3,4
1,12
1,1
3,22
3,1
3,3
3,3
3,1
3,1
3,6
3,6
1,6
1,6
4,6
4,6
4,2
4,3
4,5
1,1
1,1
1,1
3,3
3,1
3,43
3,3
1,3
1,1
1,1
3,1
1,1
1,1
1,11
1,3
1,1
1,3
3,1
1,1
1,1
3,1
1,9
1,3
1,1
2,1
2,1
2,1
5,4
5,1
5,1
1,1
1,1
1,21
1,1
3,5
1,4
3,1
1,1
1,3
1,19
1,19
1,3
7,1
1,1
1,3
5,1
5,43
5,5
5,1
5,17
5,17
3,1
3,1
3,4
3,1
1,17
1,11
3,17
1,3
1,19
3,5
3,1
3,19
3,1
7,3
1,1
1,1
1,1
1,3
1,1
1,1
1,1
1,1
1,5
1,1
3,1
3,10
3,5
3,3
7,1
7,1
7,1
7,7
7,1
7,1
7,1
7,1
1,1
1,1
1,1
5,15
5,15
5,5
5,7
5,1
5,3
1,15
12,15
1,1
19,1
19,5
19,5
19,7
19,9
19,9
19,9
19,7
19,3
19,3
3,3
19,1
19,3
19,3
19,1
19,1
19,3
19,9
11,7
19,9
19,1
19,1
5,3
1,1
2,1
2,1
3,1
1,1
1,1
11,3
11,1
5,1
5,1
5,3
5,1
5,43
1,1
1,1
1,5
1,1
1,7
1,7
1,7
1,3
1,11
12,5
4,1
4,3
1,5
1,1
1,1
1,3
1,1
1,1
5,7
1,1
3,1
3,9
1,9
1,9
1,3
1,3
3,3
3,1
3,11
3,11
1,7
1,6
1,3
1,3
1,1
1,3
1,3
1,9
3,3
1,1
1,10
1,1
1,10
3,10
3,13
3,1
3,1
1,1
1,3
12,9
6,1
6,1
6,1
6,1
6,7
6,5
6,3
1,3
1,9
1,3
1,2
1,1
1,5
1,1
1,1
1,1
1,53
9,1
3,23
3,23
9,1
9,5
9,5
9,1
12,1
12,3
12,3
12,3
12,3
12,3
12,1
12,1
12,1
12,3
12,17
1,17
1,1
41,17
41,17
1,1
1,1
29,1
29,1
11,1
11,1
29,1
29,1
29,3
29,1
29,13
29,3
29,1
29,1
29,7
29,5
11,1
29,1
29,9
29,1
29,1
29,1
29,12
29,3
29,1
29,1
29,3
11,1
29,3
29,3
29,3
29,3
11,1
11,3
29,3
29,1
29,3
29,3
1,7
7,1
1,1
1,1
27,1
1,1
1,3
1,3
9,3
9,3
3,1
3,1
3,7
3,1
19,1
1,1
1,1
2,1
2,7
2,3
1,3
1,3
3,3
3,1
3,3
1,1
11,11
3,1
3,2
3,1
3,3
5,3
7,5
1,1
3,1
9,1
7,9
7,1
3,1
3,9
3,1
7,1
7,1
7,1
7,4
7,4
7,1
7,1
1,5
45,5
45,23
45,23
45,1
45,17
45,7
45,1
45,3
45,1
45,3
45,23
45,1
45,5
17,1
17,1
7,1
7,3
7,1
7,7
7,1
7,1
1,3
1,1
1,1
3,1
3,11
3,31
3,3
1,7
1,21
1,5
1,5
1,13
1,3
1,3
1,3
1,1
1,1
1,9
3,1
3,1
5,11
3,20
3,2
3,1
1,1
1,7
3,9
3,1
3,1
3,1
1,3
11,3
7,3
7,43
1,1
1,25
1,1
1,1
1,5
5,3
1,11
1,2
1,1
1,3
1,1
1,3
7,5
7,1
7,5
7,5
7,5
7,1
7,3
7,1
7,1
1,1
1,1
9,1
9,1
9,9
5,9
5,9
5,9
5,9
5,3
5,3
7,8
3,1
3,1
3,1
3,1
1,13
1,3
1,1
5,1
5,1
5,1
5,17
5,3
5,8
1,1
1,8
1,3
1,1
1,3
7,3
7,3
7,1
7,1
3,1
3,1
3,1
3,3
1,1
1,2
2,1
9,1
9,43
9,1
9,1
9,5
9,13
1,12
9,1
9,3
9,1
3,1
5,1
5,3
5,1
5,1
5,3
5,3
5,9
1,1
1,1
1,9
1,9
1,1
7,3
7,1
7,1
7,8
7,1
17,15
3,5
9,1
9,1
9,1
9,1
3,1
3,1
9,12
9,12
9,7
9,1
9,7
9,7
3,1
3,1
11,35
11,5
15,1
3,1
1,3
1,1
5,1
5,1
5,1
5,1
1,1
7,1
1,1
1,1
1,7
3,7
3,1
1,13
1,3
1,7
1,7
5,1
4,7
4,5
4,5
4,11
4,1
3,1
3,3
1,3
3,7
3,1
3,1
3,15
4,1
4,13
4,3
4,3
4,1
1,1
1,1
1,17
1,1
7,1
5,7
5,5
5,5
5,3
5,1
3,1
5,1
5,11
3,1
1,1
9,9
9,9
9,11
9,1
9,1
9,25
9,1
9,1
9,1
9,4
5,1
8,1
8,53
8,1
8,1
8,9
5,1
4,7
4,1
4,5
4,1
4,1
7,6
7,1
7,3
7,3
7,1
7,1
7,1
1,1
3,1
1,3
1,3
1,15
1,1
25,1
25,1
25,1
25,1
25,11
25,1
25,1
25,30
25,7
25,1
25,1
25,5
25,5
25,1
25,1
25,1
25,1
25,1
25,1
25,1
1,1
1,1
1,11
1,1
1,9
1,1
3,1
3,5
3,1
3,1
1,1
1,3
1,3
6,2
7,3
1,1
1,2
6,6
6,2
11,9
11,21
5,21
11,21
11,21
11,21
11,21
11,21
11,21
11,21
1,1
12,1
12,1
12,1
12,1
27,43
12,1
1,1
1,43
1,6
1,1
29,1
1,1
1,3
1,1
1,1
1,1
4,35
4,3
4,3
4,1
4,1
9,7
1,3
1,17
7,1
7,18
7,1
17,3
17,1
11,1
1,1
11,7
11,1
11,8
11,8
3,3
3,3
3,1
3,1
23,1
23,1
23,5
23,21
23,18
23,21
23,18
23,1
23,1
23,1
23,30
23,9
23,1
23,1
23,1
23,1
23,3
23,3
23,3
23,1
23,7
23,7
23,1
1,3
3,1
3,7
3,20
3,1
1,3
1,3
1,3
25,3
8,3
8,7
8,3
8,3
8,3
8,1
8,1
1,3
1,3
1,3
1,1
1,1
1,1
1,1
1,35
1,3
5,1
1,1
1,19
1,1
1,9
1,1
1,1
1,15
17,8
3,8
3,1
3,8
3,1
1,1
1,1
1,1
1,5
1,53
1,1
1,3
11,13
1,5
1,5
5,5
5,1
5,7
5,1
5,3
5,3
8,19
8,6
8,1
8,1
8,1
8,13
8,3
8,5
8,7
1,9
1,1
1,3
1,1
12,1
12,1
12,5
12,5
12,1
12,1
1,1
1,1
2,5
2,5
2,1
1,13
6,5
6,3
6,1
1,3
1,1
1,1
1,3
1,5
1,9
1,5
11,3
34,1
34,3
34,1
34,17
34,1
34,1
34,13
34,3
34,1
34,7
34,19
34,3
9,3
9,3
9,1
1,5
11,5
11,1
11,3
11,3
11,4
11,5
11,5
11,43
11,35
11,1
100,1
1,3
1,3
5,1
1,1
1,1
1,1
1,1
1,21
1,1
1,1
1,1
1,7
1,3
3,35
3,3
1,1
12,1
12,9
1,3
1,1
3,3
3,3
3,43
3,1
2,23
2,9
2,1
1,4
1,1
1,3
1,1
1,1
1,1
1,1
1,17
1,1
5,3
41,11
1,13
5,13
5,13
5,3
5,3
5,1
5,1
9,3
9,3
9,15
9,3
9,3
9,1
9,1
9,3
11,1
11,9
11,3
11,3
11,5
11,11
11,1
11,1
11,2
11,1
11,5
34,3
34,35
34,1
34,3
34,1
34,1
34,1
11,1
11,1
3,1
3,1
7,3
1,3
1,1
1,1
1,19
2,1
2,1
2,1
5,1
7,21
3,5
3,5
13,1
5,3
7,3
1,3
5,4
1,5
1,3
1,3
1,1
1,1
1,4
1,1
1,1
1,1
1,1
1,1
3,1
3,1
3,11
3,1
1,5
1,1
1,3
1,3
6,1
6,1
6,5
6,1
6,1
6,2
6,1
5,1
3,1
3,1
3,1
3,1
3,5
8,1
8,1
8,5
8,1
8,1
8,1
8,23
8,3
8,18
1,1
1,1
2,9
2,35
2,5
4,9
1,15
1,3
13,1
13,1
13,1
13,1
13,7
13,1
13,1
13,1
13,1
13,1
13,3
13,5
13,1
13,53
13,1
13,1
13,3
13,35
1,13
1,17
1,1
3,1
3,3
13,3
13,1
13,1
13,1
13,12
13,1
13,1
13,1
13,1
1,4
1,3
1,1
1,1
1,1
1,3
1,1
1,1
1,1
1,1
1,5
1,5
1,1
1,1
1,1
1,12
3,1
3,13
3,1
1,25
1,13
1,1
1,9
1,1
3,7
3,3
3,1
3,1
1,1
1,31
1,31
1,31
1,31
1,31
1,31
5,31
5,31
5,31
5,5
5,5
5,1
1,1
1,1
1,1
1,1
1,1
1,20
1,20
1,1
1,1
5,1
5,23
1,5
3,3
3,3
1,3
25,7
1,7
1,1
4,13
4,1
4,1
4,1
1,1
1,22
3,1
3,1
1,1
10,1
1,1
1,3
1,1
1,1
10,3
10,1
10,3
10,1
10,11
10,13
10,13
10,1
10,1
10,1
10,13
1,13
1,13
1,1
1,1
1,3
1,1
1,11
1,5
1,1
1,5
1,1
5,18
5,1
5,3
1,1
1,1
5,3
1,11
1,18
1,1
1,1
1,1
1,1
1,1
1,17
1,15
1,18
34,1
1,23
1,11
11,1
1,23
1,1
11,18
1,10
11,1
11,1
11,5
1,15
1,18
1,11
11,1
1,1
9,13
5,15
5,15
5,1
5,3
5,1
1,3
1,11
1,1
7,11
7,1
1,1
7,1
7,1
1,1
1,3
3,1
3,17
3,17
3,1
1,3
1,1
3,7
3,1
1,31
1,17
1,11
1,1
1,1
1,3
1,5
1,1
1,1
3,5
3,43
3,1
3,1
1,1
1,1
1,7
11,7
1,7
1,7
1,7
3,1
1,1
1,3
3,1
7,1
1,1
1,1
1,4
7,1
1,11
41,11
100,1
1,13
1,3
7,1
1,1
1,1
1,1
1,3
1,3
1,5
5,1
11,1
1,1
1,3
1,1
1,1
1,1
1,1
1,1
1,1
1,3
3,7
3,13
1,1
5,1
5,1
5,1
1,1
4,1
4,1
4,3
4,18
4,1
3,1
3,1
3,7
3,8
1,1
1,3
1,1
27,19
27,3
1,17
27,1
27,11
27,11
27,1
27,5
2,1
27,1
27,3
27,3
27,3
27,1
27,3
1,3
1,19
3,1
3,1
3,7
3,5
1,1
1,5
1,2
2,1
2,5
11,5
1,5
1,5
1,1
1,1
1,5
1,5
1,5
3,1
1,8
1,1
7,1
3,1
3,1
1,6
1,3
6,1
6,1
6,1
6,5
11,3
11,3
11,1
11,1
11,1
11,1
11,13
11,13
11,3
11,1
11,1
3,1
1,3
1,3
1,3
3,3
3,1
1,1
3,1
1,1
3,1
1,1
3,10
3,2
1,5
3,1
1,1
3,1
3,1
3,1
3,1
4,2
4,1
4,1
4,1
4,1
1,21
8,1
8,3
8,1
8,1
8,1
1,1
1,1
8,1
1,9
1,1
1,1
1,1
1,3
1,3
1,1
15,1
15,1
15,5
1,3
15,1
15,1
15,25
15,1
15,3
15,1
1,10
1,1
1,1
1,5
1,1
1,1
1,3
7,1
7,1
7,1
1,1
7,1
7,1
7,12
7,3
7,3
3,5
3,5
1,3
1,17
1,3
1,1
1,1
1,3
1,1
1,5
1,1
1,1
3,4
3,1
3,1
1,1
3,1
1,1
1,11
1,1
1,1
1,43
1,1
7,1
7,20
1,3
1,1
1,1
1,3
1,4
1,1
5,3
5,1
5,3
5,2
5,1
1,20
5,1
1,1
1,1
1,1
8,5
8,1
1,1
1,1
1,1
1,1
1,1
1,4
1,13
1,1
1,1
5,1
5,1
5,1
5,1
5,3
5,1
27,3
1,3
27,1
1,3
1,4
1,3
1,1
1,5
1,5
1,1
29,1
1,4
1,1
34,5
34,1
15,1
15,1
15,1
15,3
15,3
15,1
15,1
15,1
15,11
15,11
15,1
15,3
15,1
15,1
15,1
15,1
3,1
3,1
3,9
3,1
3,1
1,21
5,21
5,1
1,1
3,1
3,1
3,3
3,1
1,19
3,19
3,19
3,7
3,7
1,7
3,7
11,7
11,7
11,1
11,1
1,1
1,1
3,1
3,1
1,21
11,1
1,1
1,1
14,3
14,5
1,1
1,3
1,1
5,3
5,1
5,13
5,3
5,3
1,3
1,1
1,1
27,1
27,1
27,1
27,1
27,3
27,1
27,3
27,17
27,1
19,1
14,7
14,5
14,1
14,5
14,1
14,5
14,3
14,1
14,7
14,1
1,1
1,5
1,5
3,1
3,1
1,11
1,1
1,1
1,9
1,3
3,3
3,1
1,15
1,1
6,15
6,3
6,1
6,1
6,1
6,1
6,1
1,2
2,16
1,1
1,1
3,1
3,1
3,4
3,9
1,3
1,3
19,1
19,3
19,3
19,1
19,3
19,1
19,5
19,11
19,1
19,8
19,13
19,1
19,1
19,1
19,1
19,1
19,1
19,1
19,13
19,1
1,1
1,1
1,1
1,1
1,1
1,5
1,1
1,3
1,1
1,1
7,3
1,3
1,1
1,3
1,18
1,2
3,5
3,3
3,3
1,1
1,17
3,1
3,1
5,3
3,3
3,1
1,16
3,1
1,3
1,7
1,1
1,1
8,1
8,3
8,1
8,3
1,1
27,1
3,1
3,3
3,5
3,1
1,5
1,1
7,3
1,3
2,1
2,1
3,11
3,1
3,1
3,5
3,12
1,7
1,1
1,1
1,1
1,1
1,1
1,1
1,5
16,1
16,12
16,1
16,3
16,1
16,1
16,7
16,1
45,1
16,11
16,9
16,7
16,1
16,1
16,1
16,3
16,3
16,5
3,1
3,1
1,1
1,21
5,1
5,7
1,1
1,53
1,3
1,3
7,1
7,3
7,1
1,1
7,1
13,3
13,1
13,1
13,1
13,3
13,1
13,5
13,1
100,1
13,1
13,1
13,1
13,1
13,3
13,18
1,35
1,4
1,5
3,11
3,1
3,2
17,1
17,12
17,1
17,1
17,1
3,15
3,1
17,13
17,1
17,1
17,1
11,1
11,1
11,2
3,3
11,1
11,1
11,1
11,3
1,1
3,1
11,3
11,1
3,1
3,1
11,1
11,1
1,1
14,1
14,21
14,13
14,1
14,1
14,5
14,5
14,23
14,1
14,1
1,9
1,1
1,5
1,7
1,1
1,5
1,5
1,1
1,1
1,1
5,1
5,1
5,1
5,3
5,1
5,1
6,1
6,1
6,3
6,1
6,5
6,1
6,1
1,1
1,1
1,1
3,1
3,18
3,3
3,7
1,17
1,1
8,1
8,3
8,1
8,1
8,1
8,1
8,1
8,12
8,12
3,3
3,3
3,3
3,5
3,1
1,3
1,1
1,7
1,9
5,3
1,1
1,9
1,1
14,1
1,5
1,5
7,18
1,5
1,1
1,43
7,4
29,1
7,1
29,1
29,1
1,1
1,1
1,1
29,3
29,1
7,7
7,1
29,1
29,3
29,3
29,1
3,1
29,3
7,7
3,3
29,1
29,53
29,1
29,1
29,1
29,3
29,1
29,1
1,3
3,1
29,1
1,1
1,1
3,1
3,1
3,3
3,1
3,3
222,3
222,23
222,1
222,1
222,1
222,1
222,1
222,1
222,23
222,3
222,1
222,1
222,1
222,3
222,3
222,1
222,1
222,1
222,1
222,21
222,1
222,1
222,43
222,1
222,5
222,1
222,5
222,1
222,1
222,5
222,1
222,1
1,1
1,1
5,5
1,5
1,1
3,1
3,1
1,9
3,1
3,1
3,1
3,5
1,1
8,2
1,3
1,1
222,1
222,3
222,5
222,1
222,53
222,12
222,5
222,3
222,5
222,3
222,1
222,1
222,3
222,3
222,3
222,3
222,1
222,1
222,1
222,1
222,7
222,8
222,3
222,3
222,1
222,35
222,1
222,15
222,1
222,1
222,3
222,3
222,1
222,1
222,1
222,1
222,3
222,7
222,5
222,7
222,1
222,1
222,21
222,1
222,1
222,21
222,3
222,3
222,3
222,7
222,1
222,9
222,3
222,11
222,1
222,1
222,1
222,1
222,1
222,1
222,1
222,5
222,3
222,7
222,1
222,7
222,1
222,1
222,1
222,1
222,1
222,10
222,1
222,1
222,1
222,9
222,9
222,1
222,12
222,1
222,1
222,15
222,1
222,1
222,3
222,3
222,1
222,1
222,1
222,1
222,1
222,5
222,1
222,10
222,2
222,1
222,10
222,9
222,3
222,1
222,1
222,1
222,15
222,15
222,15
222,1
222,1
222,1
222,3
222,3
222,7
222,5
222,20
222,20
222,1
222,1
222,4
222,1
222,1
222,6
222,1
222,1
222,1
222,1
222,53
222,1
222,3
222,5
222,1
222,5
222,1
222,1
222,5
222,3
222,1
222,3
222,9
222,1
222,1
222,5
222,1
222,3
222,1
222,2
222,2
222,1
222,1
222,6
222,3
222,5
222,1
222,5
222,1
222,1
222,3
222,1
222,1
222,3
222,7
222,3
222,6
222,6
222,6
222,1
222,3
222,1
222,1
222,7
222,12
222,1
222,3
222,1
222,15
222,43
222,1
222,1
222,1
222,1
222,3
222,1
222,1
222,1
222,3
222,3
222,1
222,21
222,1
222,7
222,3
1,1
12,1
12,1
12,3
12,3
12,1
12,2
12,1
12,13
1,3
12,3
12,1
12,53
12,1
12,1
7,3
1,13
1,1
5,1
5,1
5,5
5,35
1,1
3,3
3,1
5,1
1,1
1,5
1,1
1,3
1,1
1,1
4,1
1,5
1,5
41,1
41,3
41,4
41,4
41,4
41,1
41,1
41,5
41,10
41,5
41,1
41,10
41,8
41,1
41,1
41,1
41,1
41,1
41,30
41,1
41,1
41,1
41,7
1,7
1,1
1,1
1,3
1,1
1,1
1,1
5,1
5,1
1,5
27,1
27,1
28,7
28,1
28,1
28,9
28,1
28,1
28,1
28,1
28,1
28,1
28,3
28,3
28,4
28,1
28,1
28,3
28,3
28,3
28,1
28,3
28,3
28,7
28,8
28,11
28,11
28,1
28,5
28,7
1,1
45,3
45,5
45,25
45,1
45,1
45,1
45,3
45,1
45,7
45,3
45,3
45,3
14,1
14,1
14,1
5,1
5,3
5,3
5,1
5,1
5,1
5,1
3,1
3,3
5,3
5,3
3,3
3,3
5,3
5,5
1,5
1,1
29,23
29,7
29,1
3,9
29,3
3,1
29,3
29,1
29,23
29,1
7,23
1,3
1,3
7,1
1,1
1,1
1,23
3,1
3,15
3,3
3,5
1,5
1,3
1,23
3,1
3,5
3,1
3,1
1,1
1,1
1,1
1,1
1,1
1,7
1,15
3,7
1,3
1,3
1,3
1,7
3,1
3,3
3,1
3,1
1,1
1,3
4,1
4,5
4,1
4,1
4,1
1,1
1,1
1,3
1,1
8,3
8,1
8,1
8,1
8,1
8,1
8,3
8,3
1,2
1,2
1,3
1,1
3,3
1,1
1,3
3,1
3,3
3,1
1,2
1,2
1,2
3,1
12,1
7,1
7,1
1,1
7,17
7,1
7,13
3,7
7,3
1,1
1,1
1,1
1,1
7,16
7,3
7,15
1,15
1,1
1,3
1,1
5,1
3,1
3,1
7,1
1,3
1,1
5,1
5,3
1,3
1,1
1,8
1,3
1,8
9,3
1,3
3,1
7,11
1,1
1,13
1,3
1,7
1,1
1,7
1,7
1,7
7,7
7,7
7,7
7,7
7,3
7,1
13,1
13,5
13,1
1,1
13,25
1,1
13,3
13,3
13,3
13,15
13,15
13,1
13,1
13,1
13,1
13,1
3,11
3,1
3,1
3,3
9,3
9,1
9,22
9,7
1,3
22,5
22,1
9,5
22,3
9,3
9,1
9,1
9,3
22,3
22,3
22,3
22,1
9,1
22,1
22,7
22,9
22,21
22,21
22,1
22,5
22,5
22,1
22,1
22,9
22,5
22,3
22,1
22,1
22,1
1,13
5,17
5,3
1,3
1,1
1,3
1,5
1,1
1,1
11,5
1,3
1,1
1,3
1,3
5,1
5,8
5,9
5,7
5,1
5,1
1,1
1,3
2,1
2,1
1,1
3,1
3,1
1,10
7,5
7,1
1,1
7,11
1,1
1,1
1,1
1,1
26,1
26,1
26,6
26,6
26,6
26,6
26,6
26,1
26,1
26,1
26,1
26,3
26,1
26,1
26,53
26,1
26,1
26,1
26,1
26,1
26,7
26,1
26,1
26,3
26,9
26,5
26,5
1,1
8,5
1,5
1,5
1,5
1,5
7,5
7,5
7,11
7,1
7,5
7,1
7,3
7,1
7,1
1,1
1,1
1,3
1,1
1,1
1,1
5,3
5,2
5,1
5,1
1,1
1,1
1,3
1,21
1,21
1,21
1,30
1,1
3,1
1,1
1,3
1,3
1,3
1,1
1,9
1,9
1,9
1,17
1,9
100,9
1,1
1,35
1,1
1,1
3,1
1,1
1,1
1,1
5,1
5,3
5,3
5,3
5,1
4,2
4,2
4,2
4,1
4,1
3,1
1,1
1,1
1,1
1,1
1,1
1,1
1,1
1,1
1,1
3,1
1,1
1,1
3,3
6,23
1,1
6,1
1,1
6,3
5,3
6,3
6,1
6,1
6,1
1,3
1,1
1,1
1,1
1,1
100,3
3,3
3,2
3,1
1,1
1,1
1,1
7,9
1,1
1,5
1,1
1,35
1,1
12,1
12,9
12,5
12,1
12,1
12,1
12,3
12,1
12,1
12,1
3,3
1,4
100,9
1,1
3,30
3,9
17,10
17,2
17,3
17,3
17,1
17,3
17,1
17,1
17,1
2,1
2,7
2,1
1,1
7,1
7,5
7,5
5,1
5,1
5,3
12,1
12,5
12,5
12,3
12,1
12,9
12,3
5,11
5,11
1,1
17,1
1,15
17,1
1,1
1,1
1,1
41,1
41,1
41,1
41,7
41,7
41,1
41,1
1,11
1,3
6,9
6,9
6,9
6,9
6,9
6,1
6,13
12,13
3,1
3,1
3,2
3,7
19,3
19,3
19,1
19,1
19,1
19,1
19,3
19,11
1,11
1,3
7,1
1,7
1,7
3,1
1,1
3,1
1,3
1,1
15,1
1,1
1,1
1,1
45,1
34,7
1,9
1,1
5,4
1,4
1,1
1,1
1,1
1,17
12,1
19,25
19,21
19,3
19,1
19,1
19,1
19,1
19,1
19,1
19,1
19,1
1,3
1,1
1,7
1,5
3,5
1,1
1,20
1,1
1,1
1,13
1,13
1,13
1,13
1,13
1,13
1,13
1,13
1,13
17,1
3,1
9,1
9,13
9,13
9,1
9,1
7,1
1,3
5,1
15,8
5,8
5,1
5,5
5,5
1,3
5,4
3,1
3,1
3,1
3,1
5,5
1,1
5,5
3,3
1,5
1,1
1,1
1,1
1,3
1,3
5,3
3,1
5,1
9,1
9,3
1,3
5,1
9,17
5,1
9,3
9,3
9,1
9,1
3,1
5,1
5,43
5,7
5,1
5,1
3,1
6,3
6,7
3,1
1,1
1,1
1,3
3,1
3,1
3,7
3,3
3,7
3,1
3,7
3,9
1,1
1,1
1,1
41,1
1,3
3,1
3,1
1,1
3,1
1,1
3,1
1,1
7,1
1,1
1,4
1,4
1,3
2,5
2,9
2,1
41,1
3,1
3,1
5,1
3,1
3,1
1,1
3,1
1,3
1,3
1,3
1,3
1,1
3,15
3,1
3,1
1,5
3,3
3,5
5,5
1,9
1,5
3,1
3,5
1,1
7,1
7,3
7,1
1,5
1,5
13,9
13,1
13,1
13,1
13,5
13,3
13,1
13,1
13,1
13,1
13,1
13,1
3,1
3,1
3,1
3,1
1,1
1,1
3,2
3,1
3,1
1,1
3,1
3,2
1,9
1,1
1,1
1,3
3,3
3,1
3,1
3,5
3,3
11,1
11,1
1,1
1,35
1,5
3,1
1,1
3,3
3,1
3,5
3,1
1,3
1,1
19,3
5,3
1,3
3,1
19,7
19,5
19,5
3,3
1,9
2,3
19,1
19,1
1,9
1,1
1,1
1,1
3,1
19,1
16,1
1,1
19,3
1,2
1,1
1,1
19,1
19,5
19,1
1,1
19,5
1,7
1,7
1,1
3,43
3,1
3,1
1,1
1,1
3,1
1,3
19,1
1,3
5,3
5,1
1,1
1,5
1,1
2,1
1,3
5,1
1,1
1,1
1,7
3,5
1,3
1,1
14,1
14,1
14,1
14,1
14,1
14,1
14,1
14,1
14,1
1,3
16,5
2,5
16,5
2,1
2,1
1,11
16,4
16,1
16,3
5,3
5,1
1,1
19,11
3,1
1,1
1,1
1,1
3,2
1,1
1,1
1,1
1,3
1,3
4,3
5,3
5,1
4,1
3,7
1,7
1,7
1,7
16,9
3,9
5,7
3,43
3,11
5,1
16,3
1,1
1,1
1,3
5,3
1,3
16,3
3,3
1,1
3,1
19,1
5,1
1,1
1,3
19,1
1,7
1,1
1,1
1,1
1,3
1,1
1,1
16,3
1,1
1,3
4,1
1,1
3,1
3,1
3,5
3,3
1,1
3,1
3,43
3,1
3,43
1,1
1,1
1,1
1,1
1,1
1,1
1,1
1,1
1,1
1,1
1,1
2,1
1,5
1,1
1,7
1,1
1,3
1,1
1,7
10,7
10,3
5,9
5,4
1,1
5,6
5,1
1,1
3,3
19,7
19,1
1,1
3,1
3,1
3,3
3,3
1,1
1,3
2,7
2,1
1,1
1,5
2,1
15,7
1,6
16,9
1,1
1,9
1,6
1,6
5,6
1,6
1,6
1,1
1,1
6,5
6,7
4,12
1,3
3,1
1,1
1,3
5,3
5,3
5,5
4,1
15,3
16,3
1,19
5,11
6,1
1,1
1,1
1,1
1,5
1,5
1,1
1,1
1,19
1,3
5,3
1,1
1,1
1,11
4,1
1,1
1,5
4,5
4,1
4,1
1,7
5,7
1,7
5,1
5,23
5,1
1,1
4,1
3,1
3,3
3,1
3,25
1,1
1,1
4,3
1,1
1,1
5,5
3,9
3,1
3,1
3,1
3,1
1,5
1,5
1,1
1,1
7,3
7,1
7,1
7,1
3,3
1,1
1,3
10,1
10,1
1,1
1,3
1,3
1,1
1,1
1,1
5,1
5,1
5,1
5,1
5,1
5,1
3,1
3,3
1,3
1,1
9,3
9,3
9,1
9,1
9,1
9,5
9,15
9,1
9,1
6,1
43,1
1,4
12,4
5,1
43,1
1,1
5,1
2,1
5,1
5,1
1,16
3,1
1,1
1,5
1,1
1,1
3,3
5,1
12,3
5,1
1,11
6,2
5,1
43,3
1,3
1,1
5,5
10,1
1,1
1,3
1,9
5,5
1,1
43,1
4,1
3,1
1,1
3,1
3,1
10,1
5,1
5,1
10,3
1,3
1,3
2,5
1,3
1,1
43,1
12,7
12,17
1,18
12,1
8,3
5,1
2,1
1,23
1,23
1,23
1,10
1,1
7,1
1,1
2,1
1,1
1,1
1,1
1,1
1,5
43,1
43,1
1,3
15,3
15,1
15,12
15,12
15,12
15,12
15,12
15,12
15,12
15,12
15,12
15,1
5,1
1,1
14,2
14,2
14,1
14,1
14,3
1,3
8,43
12,1
1,9
9,9
1,1
43,1
4,1
5,1
3,1
4,1
7,5
3,1
8,1
3,1
43,17
1,17
3,1
5,3
1,3
5,1
43,1
8,1
1,7
1,8
1,8
3,8
43,8
7,9
1,8
1,11
1,5
1,5
1,8
1,3
4,3
1,1
4,1
4,1
5,1
4,13
16,1
1,3
1,5
5,1
1,5
1,3
1,1
1,3
3,1
3,3
43,1
7,53
1,1
1,2
1,2
9,2
5,6
1,5
1,5
7,12
9,1
7,1
5,3
1,3
1,1
16,1
5,1
3,1
1,1
19,1
5,1
1,1
7,1
1,7
1,3
5,23
43,1
43,15
1,1
43,7
43,3
43,1
43,5
3,13
5,1
8,1
1,1
1,1
1,5
5,5
1,1
4,1
3,1
1,1
5,1
3,1
3,1
1,5
1,1
3,1
3,5
1,9
1,1
2,5
1,5
8,1
7,1
1,1
1,1
1,1
1,3
3,7
1,5
1,5
3,5
43,1
1,13
3,1
2,1
5,1
9,1
9,1
1,3
9,1
1,1
9,3
9,3
9,3
16,1
1,1
3,17
3,1
1,3
5,1
14,1
5,1
1,1
1,1
1,23
1,7
1,7
1,1
1,1
1,1
1,1
1,1
1,3
12,3
12,1
5,1
5,1
1,1
3,1
1,1
1,5
1,7
1,3
5,1
5,7
1,1
5,1
1,1
1,1
1,3
1,1
1,10
16,10
3,4
7,1
5,3
5,10
5,1
5,4
5,1
5,3
3,1
1,7
1,35
8,3
1,2
1,1
7,1
1,9
1,3
1,1
1,10
1,10
5,1
1,1
1,1
1,7
5,1
1,1
1,13
1,3
10,1
1,1
7,1
43,1
43,1
43,1
43,1
43,3
1,3
7,1
1,1
5,1
7,1
7,1
1,1
1,1
5,1
1,1
1,1
1,1
1,1
1,1
2,1
9,5
9,5
7,1
5,1
5,1
1,1
1,3
1,3
1,3
16,5
1,5
12,5
1,1
10,1
10,3
1,3
7,3
5,3
12,1
1,5
43,1
10,35
43,1
1,1
1,9
1,19
3,9
1,9
3,1
3,1
1,5
3,53
3,1
1,1
5,1
1,1
1,1
43,1
12,3
7,1
7,1
7,3
1,1
1,43
1,1
1,1
1,1
7,1
7,2
7,2
2,1
2,1
3,1
1,1
1,4
1,3
1,1
1,1
1,1
1,1
1,3
1,1
10,1
3,3
3,1
1,1
3,1
1,53
1,13
1,1
3,1
1,1
7,3
7,1
7,5
1,3
1,3
1,3
1,4
1,1
1,1
1,1
1,1
7,1
7,1
10,26
10,26
3,26
3,26
1,26
1,26
1,26
1,26
1,26
1,26
43,26
43,26
43,26
43,1
43,4
43,5
43,3
5,1
5,1
5,1
15,11
3,1
1,1
12,1
1,1
5,1
1,1
5,1
3,11
3,11
3,11
3,11
1,1
43,1
43,1
43,5
1,3
12,7
3,7
3,1
5,3
1,3
3,3
3,12
1,13
1,4
1,5
1,1
1,3
1,3
1,7
1,5
3,3
1,1
1,1
1,11
1,3
43,1
10,3
10,1
1,5
1,4
1,1
1,1
3,1
1,1
1,7
1,7
7,5
1,5
5,2
1,1
1,5
1,1
1,1
43,1
1,9
1,43
1,2
1,3
1,3
1,15
43,1
43,1
43,1
1,3
1,5
6,1
6,1
10,1
43,1
1,1
10,3
10,1
10,1
1,1
1,1
1,1
3,5
43,3
5,1
15,1
5,1
5,1
5,5
1,1
1,5
10,3
10,3
8,3
3,7
1,7
1,1
8,1
1,1
1,1
3,1
1,1
1,1
3,43
1,1
3,1
1,7
1,1
1,53
1,2
19,3
100,3
100,5
100,1
100,1
100,3
100,3
100,3
100,15
100,15
100,1
100,1
100,1
100,3
100,1
100,1
100,1
100,1
100,7
100,1
100,1
100,3
100,3
100,1
10,1
100,3
100,3
100,1
100,3
100,3
100,3
100,1
100,3
100,3
100,5
100,1
100,1
100,3
100,1
100,43
100,1
100,1
100,1
100,5
100,1
100,1
100,1
100,3
10,5
10,3
10,13
10,9
100,1
100,1
100,15
100,7
100,13
100,1
100,1
100,1
100,1
100,1
100,5
100,5
100,5
100,5
100,1
1,1
100,3
100,5
100,2
100,7
100,20
1,3
1,1
100,3
10,1
100,1
100,3
100,1
100,7
100,7
100,13
100,3
100,1
100,1
100,13
100,7
100,1
100,3
100,1
100,1
100,1
100,21
10,1
10,7
100,3
100,1
10,1
10,3
100,1
100,3
100,1
100,1
100,1
12,1
10,5
100,5
5,3
5,7
5,1
5,1
5,3
5,19
4,19
4,19
4,19
4,19
4,19
1,19
1,19
15,3
1,1
1,1
1,1
29,6
1,1
1,1
3,1
3,7
3,3
1,30
1,1
14,1
11,1
11,1
11,1
11,5
11,5
11,1
11,5
11,3
11,3
11,1
11,1
11,1
1,1
1,3
1,13
1,1
3,1
1,3
1,1
1,5
1,1
1,1
1,1
1,1
1,1
1,3
1,1
1,3
1,1
1,3
1,1
1,1
3,16
1,3
1,1
1,3
1,3
1,3
11,1
1,1
45,1
1,3
1,1
12,5
1,3
1,1
1,1
1,1
1,1
1,3
1,1
1,1
1,1
1,1
1,3
1,3
1,3
1,1
1,1
1,15
1,1
1,1
1,1
3,1
3,3
3,1
3,19
1,35
1,35
1,1
4,21
4,1
4,9
4,1
1,1
1,35
1,5
1,1
1,5
3,1
3,1
2,1
2,1
2,3
1,1
1,1
1,1
1,1
1,2
1,1
1,3
1,1
1,1
3,1
3,1
3,25
3,17
4,3
4,3
4,3
4,17
4,17
1,17
11,17
3,1
1,1
1,1
1,1
1,5
1,5
1,35
1,3
1,1
1,30
1,3
1,2
5,2
2,3
2,1
2,1
17,1
5,2
1,1
1,1
1,1
1,1
3,1
3,3
3,1
3,1
1,2
1,1
1,7
12,4
1,4
1,4
5,4
5,3
5,1
5,1
5,3
5,1
1,1
1,1
1,1
34,5
34,5
34,1
34,1
34,1
34,1
34,35
34,1
34,5
34,3
34,1
7,1
1,1
1,1
1,1
1,3
2,9
2,7
55,3
55,1
55,1
55,3
55,15
55,1
55,2
55,7
55,1
55,1
55,9
55,5
55,7
55,3
55,1
55,1
55,3
55,3
55,3
55,1
55,1
55,1
55,19
55,1
55,2
55,1
55,9
55,9
55,1
55,4
55,3
55,1
55,1
55,3
55,1
55,1
55,1
55,1
55,1
55,1
55,1
55,1
55,1
55,35
55,35
55,3
55,1
55,1
55,5
55,5
55,6
55,17
55,17
24,3
24,17
24,1
24,17
24,17
24,1
24,1
24,17
24,17
24,1
24,20
24,20
24,5
24,53
24,1
24,10
24,1
24,1
24,1
24,1
24,1
24,1
9,1
9,1
9,1
9,1
9,3
9,1
9,3
9,13
9,21
27,1
27,3
27,1
27,1
27,1
27,3
27,1
27,1
27,1
27,1
27,1
27,3
27,1
27,1
27,1
13,1
9,13
9,13
9,20
9,9
9,1
9,1
9,15
9,3
9,16
27,5
27,3
27,1
27,1
27,4
27,1
13,7
13,8
13,1
13,1
13,1
13,1
13,5
13,1
13,1
13,1
13,1
27,1
27,3
27,11
27,3
3,3
3,1
21,1
21,1
21,3
21,1
21,1
21,11
21,1
21,3
21,1
21,1
21,1
21,1
21,1
21,5
21,35
21,7
21,3
21,1
21,35
21,1
21,1
32,17
32,1
32,5
32,1
32,7
32,17
32,17
32,17
32,1
32,1
32,1
32,1
32,3
32,9
32,3
32,1
32,5
32,1
32,1
32,1
32,5
32,1
32,1
32,1
32,1
32,1
32,2
32,5
32,1
32,1
32,1
32,1
38,1
38,1
47,1
47,1
47,1
47,1
47,1
47,1
47,1
47,1
38,1
38,1
38,1
38,3
38,1
38,1
38,1
38,1
38,3
38,5
38,1
38,1
38,1
38,1
38,1
38,1
38,21
38,4
38,1
38,4
38,4
38,3
38,3
38,1
38,1
38,1
47,1
38,5
47,1
38,7
38,1
47,3
47,17
47,1
38,1
38,1
38,11
38,5
47,5
47,3
47,3
47,9
47,3
47,21
47,10
47,10
47,5
47,1
47,1
47,1
47,1
47,1
47,1
47,1
47,1
47,1
47,3
47,1
47,1
47,3
47,1
47,1
47,1
47,1
47,5
47,1
47,17
47,3
47,19
47,3
47,3
24,3
24,5
24,31
24,31
24,31
24,31
24,31
24,31
24,31
24,31
8,31
8,31
24,31
8,31
8,31
8,31
8,31
8,31
8,31
24,31
24,31
24,31
24,1
24,1
24,1
24,1
24,1
24,1
24,1
24,2
24,1
29,1
29,1
29,1
29,1
29,3
29,22
29,3
29,9
29,1
29,1
29,3
29,3
29,1
29,16
29,1
29,1
29,1
29,20
29,20
29,5
29,5
29,1
29,1
29,1
29,1
29,3
29,1
29,7
3,1
7,1
7,1
7,7
3,7
3,7
3,7
7,3
7,5
7,1
3,43
3,3
7,1
3,1
3,5
3,1
3,3
3,5
3,30
12,30
12,30
12,11
12,3
12,1
12,1
12,1
12,3
12,1
12,3
12,1
12,1
25,5
25,1
25,2
25,2
25,1
25,1
25,1
25,1
13,1
13,1
13,3
13,3
13,1
13,1
13,1
13,1
13,30
13,3
13,1
25,3
25,43
25,1
25,1
25,1
25,1
25,1
25,1
25,1
25,3
25,1
25,1
25,1
25,1
25,1
33,1
33,1
11,1
33,1
11,1
33,1
11,1
33,1
33,1
33,1
11,3
11,1
11,3
11,3
11,6
11,1
33,5
11,1
11,9
33,3
33,3
33,3
33,3
33,1
33,7
33,1
33,20
33,3
33,3
33,1
33,12
33,3
33,5
33,1
33,5
33,5
33,5
33,35
33,1
33,1
33,1
33,1
33,43
3,1
3,3
3,1
3,1
9,1
9,1
9,1
9,3
9,3
9,1
9,3
9,3
9,1
7,1
7,1
7,5
7,1
7,3
7,1
5,2
5,2
5,2
5,5
5,1
9,7
9,1
9,1
9,1
9,7
9,1
9,3
9,1
20,1
20,2
20,2
20,1
20,1
20,1
20,1
20,7
20,3
20,3
20,1
20,5
20,5
20,4
20,4
20,4
20,4
20,1
1,7
1,1
1,1
1,11
1,11
1,1
1,5
1,5
1,1
1,1
1,1
1,1
9,1
9,1
1,1
1,1
1,3
9,1
9,3
1,3
9,1
9,1
9,1
9,3
9,3
1,1
1,1
1,3
1,2
1,3
1,3
17,3
17,1
17,1
17,1
17,1
17,1
17,1
17,3
17,3
17,1
17,1
17,1
17,1
17,11
17,5
17,5
3,3
3,3
3,1
3,1
3,11
3,1
3,23
3,1
3,1
9,5
9,3
9,15
9,1
9,1
9,1
9,1
9,1
9,23
9,5
9,21
9,1
9,1
9,1
9,5
9,35
9,13
9,1
3,1
3,21
3,5
3,1
5,1
5,1
5,5
3,1
5,1
3,1
5,1
5,1
5,3
5,3
5,1
5,3
3,1
3,5
3,3
4,1
4,30
4,1
4,9
4,15
4,1
4,3
4,3
15,1
15,1
15,1
15,1
15,1
15,3
15,1
15,1
15,3
15,3
15,1
15,1
15,1
15,5
7,3
7,3
7,1
7,1
7,1
7,1
7,7
2,3
7,1
7,1
7,1
7,1
7,7
7,1
7,1
3,1
3,1
3,1
7,1
7,1
7,3
7,1
7,5
7,1
7,1
5,1
5,30
5,9
5,1
5,1
3,1
3,1
1,1
3,1
5,1
5,1
5,5
5,5
5,1
2,1
5,1
5,1
5,1
5,1
5,3
5,1
5,3
5,3
5,1
5,1
3,1
5,1
5,1
5,1
3,7
3,1
3,5
6,2
6,1
6,1
6,5
6,1
3,9
3,9
3,3
1,1
1,3
1,4
1,1
1,30
1,1
1,1
1,1
1,1
1,7
1,35
1,17
1,3
1,4
1,4
1,3
1,1
1,1
3,1
3,1
3,1
1,1
1,1
3,1
3,1
3,1
3,1
1,53
1,53
3,1
3,7
3,3
1,3
1,1
1,3
1,1
1,22
1,3
1,3
3,22
3,22
1,22
1,22
1,22
1,22
1,22
1,22
1,22
1,22
1,1
1,11
1,5
1,13
1,1
1,5
1,6
1,1
1,13
1,13
1,13
1,1
1,1
1,1
1,22
1,22
1,1
1,1
1,3
1,3
1,9
1,1
1,1
1,1
1,1
1,1
1,1
0,13
0,13
,1
,1
,1
,1
,1
,1
,1
,3
,9
,3
,1
,5
,1
,5
,1
,5
,3
,1
,1
,1
,1
,1
,1
,1
,3
,1
,3
,1
,1
,21
,1
,10
,10
,1
,1
,4
,5
,1
,7
,1
,1
,7
,9
,1
,1
,1
,1
,4
,4
,1
,1
,1
,1
,1
,1
,1
,7
,2
,3
,3
,1
,5
,7
,1
,3
,3
,3
,1
,1
,1
,1
,1
,3
,1
,4
,4
,1
,1
,1
,1
,1
,1
,3
,3
,3
,3
,3
,3
,1
,1
,9
,9
,15
,9
,3
,1
,9
,5
,1
,5
,7
,1
,1
,1
,1
,1
,1
,5
,15
,9
,1
,3
,1
,1
,1
,1
,2
,1
,25
,3
,5
,25
,25
,25
,25
,25
,25
,25
,25
,1
,9
,3
,1
,1
,3
,3
,9
,9
,1
,1
,1
,1
,1
,1
,1
,1
,3
,10
,1
,3
,5
,1
,1
,1
,8
,1
,1
,1
,1
,1
,1
,1
,3
,11
,3
,3
,5
,4
,1
,1
,3
,1
,1
,1
,9
,1
,1
,1
,7
,7
,1
,1
,3
,3
,3
,1
,3
,1
,1
,21
,1
,1
,12
,1
,1
,1
,1
,1
,1
,1
,1
,1
,1
,1
,1
,1
,1
,1
,1
,1
,1
,1
,1
,7
,7
,7
,1
,1
,1
,1
,1
,7
,7
,7
,3
,1
,1
,1
,1
,15
,3
,3
,1
,3
,9
,3
,1
,1
,1
,4
,7
,1
,1
,3
,1
,1
,1
,1
,1
,3
,1
,15
,5
,12
,21
,1
,1
,1
,1
,11
,1
,5
,1
,3
,8
,3
,9
,1
,3
,1
,3
,1
,1
,1
,1
,9
,20
,2
,2
,1
,11
,1
,3
,11
,1
,3
,7
,1
,1
,1
,1
,1
,6
,1
,1
,2
,1
,1
,5
,3
,1
,1
,3
,1
,1
,1
,1
,7
,7
,7
,7
,7
,7
,3
,3
,3
,3
,1
,1
,1
,1
,1
,1
,1
,1
,1
,11
,1
,1
,7
,1
,5
,7
,7
,1
,1
,1
,7
,1
,3
,1
,1
,1
,1
,5
,1
,1
,1
,1
,1
,1
,3
,1
,1
,5
,1
,1
,1
,3
,15
,2
,7
,8
,1
,1
,3
,2
,3
,3
,15
,1
,3
,3
,1
,1
,1
,1
,3
,1
,1
,1
,1
,1
,1
,1
,3
,1
,3
,1
,1
,1
,3
,1
,1
,1
,1
,1
,3
,3
,1
,15
,1
,1
,1
,1
,1
,1
,1
,1
,1
,1
,3
,1
,3
,1
,3
,1
,3
,1
,3
,5
,3
,3
,1
,3
,1
,1
,1
,1
,1
,1
,1
,3
,9
,5
,3
,25
,25
,9
,3
,3
,1
,1
,1
,1
,5
,1
,1
,5
,1
,7
,1
,1
,15
,1
,5
,3
,15
,1
,15
,1
,1
,1
,1
,1
,1
,3
,5
,1
,11
,5
,1
,3
,5
,3
,1
,1
,1
,1
,3
,1
,3
,1
,1
,9
,3
,3
,5
,1
,1
,5
,1
,1
,1
,1
,1
,1
,1
,1
,1
,3
,1
,1
,1
,1
,3
,3
,3
,3
,1
,1
,12
,1
,1
,3
,1
,1
,1
,1
,1
,1
,3
,1
,1
,1
,23
,1
,5
,7
,3
,23
,1
,23
,3
,1
,1
,1
,1
,1
,26
,26
,26
,26
,26
,26
,26
,26
,26
,26
,26
,26
,26
,26
,1
,23
,23
,3
,5
,9
,9
,1
,3
,3
,1
,1
,5
,1
,7
,2
,1
,5
,6
,5
,5
,3
,3
,13
,3
,1
,1
,1
,1
,3
,1
,12
,1
,1
,1
,5
,5
,5
,3
,10
,3
,1
,1
,1
,1
,1
,1
,1
,1
,5
,1
,3
,5
,1
,1
,1
,1
,1
,1
,1
,1
,1
,1
,1
,1
,1
,25
,5
,1
,1
,1
,1
,1
,1
,15
,1
,1
,1
,1
,9
,7
,3
,3
,1
,3
,5
,1
,5
,7
,1
,5
,3
,3
,19
,35
,35
,1
,1
,1
,1
,1
,1
,1
,3
,17
,1
,5
,5
,9
,3
,1
,4
,1
,1
,11
,5
,1
,3
,43
,1
,8
,1
,3
,3
,1
,1
,1
,1
,1
,3
,3
,1
,9
,1
,1
,3
,1
,6
,11
,20
,1
,1
,20
,1
,1
,3
,17
,3
,1
,9
,2
,1
,1
,1
,3
,53
,5
,1
,1
,1
,1
,1
,30
,1
,3
,1
,1
,1
,5
,1
,30
,43
,1
,5
,5
,5
,5
,5
,5
,1
,1
,1
,17
,1
,1
,1
,1
,1
,1
,1
,1
,1
,1
,3
,1
,3
,7
,1
,1
,1
,3
,1
,3
,1
,1
,1
,1
,1
,1
,1
,1
,1
,1
,1
,1
,1
,7
,13
,7
,1
,1
,5
,5
,1
,3
,1
,1
,3
,5
,1
,1
,5
,6
,1
,1
,1
,3
,3
,3
,3
,3
,3
,3
,3
,7
,7
,2
,11
,1
,1
,1
,1
,7
,13
,1
,3
,1
,1
,1
,7
,7
,7
,9
,1
,1
,7
,1
,1
,9
,1
,1
,3
,1
,1
,3
,13
,7
,1
,1
,1
,3
,1
,1
,8
,1
,2
,2
,1
,3
,3
,5
,7
,7
,1
,1
,7
,2
,1
,1
,19
,5
,5
,1
,43
,3
,1
,1
,3
,1
,1
,1
,1
,9
,1
,3
,3
,5
,5
,5
,4
,5
,5
,1
,1
,1
,1
,1
,1
,1
,1
,1
,1
,1
,1
,1
,1
,3
,1
,1
,21
,1
,1
,1
,1
,1
,1
,1
,11
,1
,1
,1
,5
,3
,3
,1
,1
,13
,1
,1
,1
,3
,7
,1
,1
,1
,1
,1
,3
,7
,1
,1
,12
,1
,1
,3
,1
,1
,1
,1
,18
,1
,1
,1
,1
,1
,1
,3
,1
,35
,1
,9
,5
,1
,1
,2
,1
,1
,1
,5
,3
,1
,1
,5
,1
,1
,1
,1
,1
,1
,9
,1
,3
,1
,1
,1
,1
,1
,2
,1
,11
,1
,1
,1
,1
,1
,3
,1
,1
,1
,19
,13
,1
,3
,3
,1
,3
,1
,7
,1
,1
,1
,1
,1
,1
,1
,1
,5
,1
,1
,3
,8
,15
,1
,1
,1
,4
,1
,1
,1
,1
,3
,1
,1
,1
,5
,5
,5
,5
,9
,9
,11
,11
,9
,1
,1
,13
,1
,2
,1
,1
,1
,5
,1
,3
,1
,5
,1
,1
,1
,1
,1
,1
,7
,7
,1
,1
,1
,3
,1
,3
,3
,1
,1
,1
,5
,1
,1
,1
,1
,2
,5
,1
,1
,1
,1
,3
,3
,7
,1
,1
,1
,1
,1
,1
,1
,1
,5
,5
,1
,1
,1
,1
,1
,3
,35
,1
,1
,3
,9
,1
,1
,18
,18
,1
,1
,1
,1
,1
,1
,1
,23
,1
,9
,9
,1
,11
,1
,18
,1
,3
,3
,3
,1
,5
,35
,1
,1
,7
,1
,1
,1
,1
,1
,1
,1
,1
,1
,1
,5
,5
,5
,5
,3
,1
,1
,1
,11
,10
,10
,1
,17
,1
,1
,1
,5
,1
,5
,1
,1
,1
,2
,2
,9
,1
,1
,1
,1
,1
,1
,1
,53
,1
,3
,1
,43
,1
,1
,3
,3
,1
,3
,3
,1
,1
,1
,1
,1
,1
,1
,5
,3
,1
,1
,1
,3
,4
,4
,1
,15
,15
,35
,35
,1
,30
,1
,3
,3
,3
,1
,1
,1
,3
,1
,1
,3
,3
,1
,1
,1
,1
,3
,1
,1
,1
,1
,1
,1
,1
,1
,1
,1
,3
,3
,19
,1
,7
,3
,3
,3
,8
,1
,1
,7
,3
,1
,1
,1
,9
,53
,1
,1
,12
,2
,53
,1
,53
,43
,1
,5
,5
,1
,1
,5
,7
,1
,1
,1
,3
,1
,4
,1
,1
,1
,1
,5
,5
,1
,9
,13
,1
,1
,1
,1
,3
,3
,1
,43
,43
,13
,5
,5
,23
,13
,3
,1
,1
,1
,12
,1
,1
,17
,1
,12
,3
,12
,12
,12
,12
,12
,12
,12
,12
,1
,3
,1
,1
,1
,1
,11
,11
,3
,3
,3
,3
,9
,1
,1
,1
,1
,1
,3
,3
,3
,1
,6
,3
,7
,7
,3
,9
,3
,1
,7
,11
,16
,1
,1
,9
,1
,3
,1
,3
,3
,3
,1
,1
,1
,1
,1
,3
,3
,1
,1
,7
,2
,2
,2
,3
,1
,11
,1
,1
,6
,6
,1
,1
,1
,1
,7
,1
,1
,11
,5
,3
,7
,1
,1
,3
,35
,30
,1
,4
,1
,35
,3
,3
,3
,1
,1
,1
,5
,1
,1
,5
,2
,3
,19
,1
,1
,1
,1
,1
,3
,1
,3
,3
,1
,1
,1
,35
,1
,1
,1
,1
,1
,3
,7
,7
,7
,3
,1
,3
,5
,1
,3
,1
,1
,5
,1
,1
,1
,3
,1
,1
,1
,1
,3
,1
,3
,1
,1
,1
,3
,1
,1
,7
,3
,53
,1
,1
,1
,1
,1
,3
,1
,53
,1
,15
,3
,3
,7
,2
,1
,3
,5
,5
,1
,1
,3
,1
,1
,1
,1
,1
,1
,3
,1
,1
,13
,13
,1
,7
,7
,7
,7
,1
,1
,1
,2
,1
,1
,1
,5
,3
,1
,3
,1
,1
,1
,1
,1
,1
,3
,5
,5
,1
,1
,3
,3
,1
,1
,1
,1
,1
,1
,1
,1
,7
,1
,1
,1
,1
,1
,1
,3
,3
,1
,1
,15
,3
,3
,5
,9
,7
,1
,8
,1
,9
,5
,1
,1
,5
,1
,3
,3
,1
,1
,11
,11
,3
,3
,1
,1
,1
,1
,1
,1
,1
,1
,1
,3
,1
,5
,3
,35
,9
,1
,1
,3
,1
,2
,2
,2
,1
,1
,9
,1
,1
,1
,1
,7
,1
,3
,5
,1
,1
,1
,1
,1
,1
,1
,5
,1
,1
,53
,1
,43
,1
,3
,1
,1
,1
,17
,3
,1
,3
,1
,3
,1
,1
,1
,1
,1
,3
,1
,1
,1
,1
,3
,1
,19
,4
,1
,1
,13
,1
,1
,1
,1
,3
,1
,1
,1
,2
,5
,3
,3
,1
,1
,53
,1
,1
,3
,3
,1
,1
,1
,1
,1
,5
,1
,1
,15
,2
,3
,3
,3
,1
,1
,1
,1
,8
,1
,1
,1
,7
,5
,5
,3
,3
,1
,13
,1
,20
,1
,9
,2
,1
,1
,1
,1
,1
,2
,7
,16
,16
,16
,3
,1
,5
,1
,1
,1
,43
,43
,1
,6
,3
,3
,3
,3
,15
,10
,1
,1
,3
,1
,7
,3
,9
,13
,13
,13
,13
,13
,13
,13
,13
,1
,1
,1
,6
,3
,1
,7
,7
,9
,3
,3
,1
,11
,2
,1
,1
,3
,1
,1
,5
,5
,3
,3
,3
,3
,3
,1
,1
,12
,5
,35
,1
,3
,5
,1
,21
,1
,1
,1
,5
,1
,30
,10
,1
,3
,1
,9
,1
,1
,3
,3
,3
,8
,17
,1
,4
,4
,1
,1
,9
,1
,1
,3
,1
,9
,3
,3
,1
,7
,3
,1
,5
,5
,6
,3
,3
,5
,5
,5
,5
,1
,1
,1
,21
,9
,1
,3
,8
,1
,5
,19
,4
,20
,3
,3
,1
,1
,1
,1
,1
,21
,1
,5
,5
,1
,1
,1
,7
,7
,7
,1
,2
,5
,1
,1
,3
,1
,1
,1
,1
,1
,3
,1
,3
,1
,5
,1
,1
,5
,1
,1
,1
,1
,1
,7
,1
,3
,19
,1
,1
,1
,1
,1
,7
,1
,1
,1
,1
,5
,5
,1
,5
,1
,1
,1
,3
,1
,9
,3
,1
,3
,1
,1
,9
,5
,5
,1
,3
,7
,3
,1
,1
,1
,5
,1
,1
,12
,12
,1
,1
,1
,1
,1
,1
,1
,1
,1
,1
,1
,1
,1
,5
,1
,3
,5
,3
,1
,1
,21
,21
,21
,21
,1
,1
,3
,3
,1
,1
,1
,1
,5
,1
,1
,11
,1
,1
,1
,1
,1
,1
,1
,9
,1
,5
,1
,1
,1
,1
,13
,1
,3
,1
,1
,1
,1
,1
,5
,1
,1
,16
,2
,1
,1
,1
,1
,1
,1
,5
,5
,5
,5
,35
,3
,7
,3
,1
,1
,1
,1
,1
,9
,1
,1
,3
,1
,1
,5
,5
,1
,1
,5
,5
,5
,7
,7
,1
,1
,3
,1
,4
,1
,1
,1
,1
,3
,5
,3
,5
,3
,5
,5
,1
,1
,1
,1
,1
,1
,1
,1
,1
,1
,1
,1
,1
,3
,7
,3
,1
,1
,1
,1
,1
,1
,1
,1
,5
,1
,1
,1
,1
,3
,13
,3
,17
,1
,3
,3
,1
,9
,1
,5
,1
,1
,21
,3
,3
,7
,16
,16
,16
,3
,3
,3
,3
,3
,16
,16
,1
,1
,1
,1
,1
,3
,3
,1
,1
,3
,2
,2
,2
,1
,7
,12
,3
,1
,1
,1
,3
,3
,1
,4
,4
,1
,1
,10
,5
,1
,7
,1
,9
,3
,4
,3
,3
,5
,5
,1
,1
,1
,1
,1
,5
,1
,11
,11
,11
,1
,3
,1
,1
,13
,13
,13
,13
,1
,3
,1
,3
,1
,1
,1
,1
,1
,3
,1
,1
,1
,3
,1
,1
,1
,1
,1
,5
,3
,5
,1
,17
,1
,1
,1
,1
,1
,1
,1
,1
,4
,7
,1
,1
,5
,1
,1
,1
,7
,16
,1
,1
,23
,1
,1
,3
,1
,1
,1
,1
,1
,1
,1
,1
,5
,1
,1
,1
,1
,1
,1
,1
,5
,12
,3
,1
,1
,17
,1
,1
,3
,3
,1
,1
,11
,1
,3
,1
,11
,1
,18
,1
,1
,1
,1
,1
,1
,3
,1
,1
,1
,1
,1
,1
,1
,23
,23
,1
,1
,1
,1
,1
,7
,1
,1
,1
,1
,1
,3
,3
,3
,7
,7
,1
,1
,3
,1
,3
,3
,3
,3
,1
,1
,1
,1
,43
,1
,5
,35
,1
,1
,1
,3
,3
,1
,1
,1
,1
,1
,5
,5
,1
,1
,3
,1
,1
,1
,1
,1
,1
,1
,3
,1
,1
,53
,3
,1
,1
,3
,3
,1
,1
,1
,1
,1
,16
,1
,16
,16
,16
,1
,1
,3
,1
,2
,3
,1
,7
,1
,1
,5
,2
,1
,3
,3
,1
,3
,1
,3
,35
,1
,3
,1
,1
,1
,1
,5
,2
,1
,1
,1
,3
,5
,3
,3
,3
,1
,1
,5
,5
,5
,5
,1
,12
,1
,1
,1
,3
,1
,9
,1
,5
,5
,1
,1
,1
,53
,1
,1
,1
,1
,1
,1
,1
,1
,1
,1
,1
,1
,5
,1
,1
,1
,1
,11
,8
,8
,8
,8
,8
,3
,1
,1
,1
,1
,12
,3
,7
,7
,13
,15
,53
,3
,3
,1
,21
,3
,9
,1
,1
,1
,7
,7
,1
,1
,1
,3
,1
,1
,7
,7
,1
,1
,9
,1
,11
,1
,1
,1
,1
,1
,7
,7
,7
,1
,1
,1
,1
,1
,1
,1
,9
,1
,1
,1
,3
,1
,1
,1
,3
,1
,3
,1
,1
,1
,1
,1
,3
,7
,21
,21
,21
,1
,1
,1
,1
,1
,3
,1
,1
,1
,1
,1
,3
,1
,3
,3
,1
,1
,1
,1
,1
,1
,3
,3
,1
,1
,1
,1
,1
,1
,10
,5
,1
,6
,6
,6
,3
,1
,3
,6
,6
,1
,7
,3
,1
,6
,1
,1
,1
,1
,1
,1
,1
,1
,14
,11
,11
,11
,11
,9
,7
,7
,7
,7
,9
,14
,11
,14
,14
,9
,11
,9
,14
,9
,11
,7
,9
,14
,11
,7
,14
,14
,9
,9
,9
,11
,11
,11
,14
,14
,14
,14
,14
,14
,13
,64
,64
,64
,13
,64
,3
,13
,3
,64
,64
,64
,64
,5
,64
,13
,64
,64
,64
,5
,64
,64
,64
,64
,64
,64
,64
,64
,64
,13
,13
,64
,64
,3
,64
,2
,2
,13
,13
,64
,5
,5
,64
,13
,64
,13
,64
,64
,64
,64
,64
,64
,64
,64
,13
,64
,64
,13
,64
,64
,64
,64
,64
,64
,64
,64
,64
,64
,13
,64
,64
,64
,64
,64
,3
,64
,3
,3
,64
,64
,64
,64
,14
,14
,14
,7
,7
,7
,14
,14
,7
,14
,23
,14
,23
,23
,23
,23
,23
,23
,23
,23
,23
,23
,23
,23
,23
,23
,23
,23
,23
,23
,23
,23
,14
,14
,14
,7
,7
,14
,7
,14
,14
,17
,17
,17
,17
,17
,17
,17
,17
,17
,22
,22
,22
,22
,22
,22
,22
,22
,22
,22
,22
,17
,5
,22
,17
,22
,22
,5
,17
,17
,22
,22
,22
,17
,5
,5
,5
,17
,22
,22
,22
,17
,17
,9
,9
,5
,9
,5
,9
,9
,5
,5
,5
,5
,5
,5
,5
,9
,9
,9
,5
,9
,6
,6
,6
,6
,6
,6
,10
,10
,10
,10
,10
,10
,5
,10
,5
,5
,10
,5
,10
,10
,5
,7
,7
,7
,7
,3
,7
,7
,3
,3
,3
,7
,3
,3
,10
,7
,10
,10
,10
,7
,7
,7
,10
,10
,10
,10
,7
,7
,7
,10
,10
,5
,5
,5
,5
,6
,6
,6
,6
,6
,6
,5
,7
,7
,7
,9
,7
,7
,7
,7
,7
,7
,7
,7
,9
,9
,7
,9
,9
,9
,9
,7
,9
,9
,7
,5
,5
,4
,5
,5
,5
,5
,9
,9
,9
,5
,5
,5
,5
,9
,9
,9
,5
,9
,5
,5
,9
,5
,9
,7
,7
,7
,7
,7
,7
,7
,1
,1
,1
,1
,1
,1
,1
,1
,1
,1
,1
,1
,1
,1
,1
,1
,1
,1
,1
,1
,1
,1
,1
,1
,1
,1
,1
,1
,1
,1
,1
,1
,1
,1
,1
,1
,1
,1
,1
,1
,1
,1
,1
,1
,1
,1
,1
,1
,1
,1
,1
,1
,1
,1
,1
,1
,1
,1
,1
,1
,7
,3
,7
,7
,7
,7
,7
,3
,3
,3
,3
,3
,2
,2
,2
,2
,1
,1
,3
,3
,3
,9
,9
,9
,9
,9
,9
,9
,9
,9
,5
,3
,3
,5
,5
,5
,5
,3
,3
,3
,5
,5
,3
,5
,3
,3
,3
,5
,3
,3
,3
,5
,5
,5
,5
,3
,3
,5
,3
,3
,3
,3
,3
,3
,3
,3
,3
,3
,5
,5
,5
,5
,5
,3
,3
,3
,1
,3
,3
,3
,6
,6
,6
,6
,6
,6
,3
,3
,3
,5
,5
,5
,3
,5
,3
,5
,3
,3
,3
,3
,3
,3
,3
,3
,1
,1
,1
,1
,1
,1
,1
,1
,3
,1
,1
,1
,3
,3
,1
,3
,1
,3
,1
,1
,1
,1
,1
,1
,3
,3
,3
,3
,3
,3
,3
,3
,3
,3
,3
,3
,3
,3
,3
,1
,1
,1
,1
,1
,1
,1
,1
,1
,1
,1
,1
,1
,1
,1
,1
,1
,1
,1
,1
,1
,1
,1
,1
,1
,1
,1
,1
,1
,1
,1
,1
,1
,1
,1
,1
,1
,1
,1
,1
,1
,1
,0
,0
,0
,0
,0
,0
,0
,0
,0
,0
,0
,0
,0
,0
,0
,0